step,time,energy,px,py,pz,lx,ly,lz
0,0,-130.70106380096581,0.33984031799041592,-0.40789960378527423,0.16702505433092277,-0.12455712364831435,0.14203825484283661,0.20241113742053396
1,0.001,-130.70077120055959,0.33984031799041581,-0.40789960378527423,0.16702505433092277,-0.12455712364831444,0.14203825484283658,0.20241113742053393
2,0.002,-130.70008622402983,0.33984031799041597,-0.40789960378527423,0.1670250543309228,-0.12455712364831426,0.14203825484283664,0.20241113742053396
3,0.0030000000000000001,-130.69889841107459,0.33984031799041581,-0.40789960378527429,0.1670250543309228,-0.12455712364831428,0.14203825484283661,0.20241113742053402
4,0.0040000000000000001,-130.69699672239753,0.33984031799041597,-0.40789960378527429,0.16702505433092268,-0.12455712364831449,0.14203825484283669,0.20241113742053388
5,0.0050000000000000001,-130.69399429210918,0.33984031799041592,-0.40789960378527412,0.16702505433092274,-0.12455712364831432,0.14203825484283653,0.20241113742053413
6,0.0060000000000000001,-130.68916521875434,0.33984031799041592,-0.40789960378527423,0.1670250543309226,-0.12455712364831428,0.14203825484283666,0.20241113742053404
7,0.0070000000000000001,-130.68106833421638,0.33984031799041586,-0.4078996037852744,0.16702505433092268,-0.12455712364831403,0.14203825484283661,0.20241113742053396
8,0.0080000000000000002,-130.66659415812072,0.33984031799041603,-0.40789960378527435,0.16702505433092257,-0.12455712364831448,0.14203825484283669,0.2024111374205339
9,0.0090000000000000011,-130.63822354550595,0.33984031799041592,-0.40789960378527357,0.16702505433092257,-0.12455712364831414,0.1420382548428365,0.20241113742053388
10,0.01,-130.57466688238446,0.33984031799041597,-0.40789960378527429,0.16702505433092274,-0.12455712364831509,0.14203825484283669,0.20241113742053393
