id,mass,x,y,z,vx,vy,vz
0,1.4761517248891316,-0.36076635257361955,0.43785512880802258,0.83368070300111774,-0.027949523919258312,-0.099466722758172255,-0.038059794200690056
1,0.84253316664190658,-0.79740147004618867,-0.45162326218479265,-0.87888579642067932,0.07731790622121909,-0.034368752404400404,0.053357633180332931
2,1.4208723544292363,0.5435103813163491,0.39090197388374603,-0.92043939739335046,0.040943449903755286,-0.0017589336114239018,-0.04392146467251215
3,1.354595523438749,0.067457385165612171,0.17236843179140737,-0.92139074910666618,-0.064281411081800299,-0.029647902376530436,0.085529596825746762
4,1.3190378952843473,0.86561567778512538,-0.091753392761805053,0.77891372019261684,0.023542753026359178,-0.0098445717775842018,0.027228236139936662
5,0.52844953394219041,0.72953343065253184,0.28960763559573977,-0.061542594762470593,0.097456077032591376,-0.094955612827468519,0.069807663345320237
6,1.070835845800058,-0.83719050503047754,-0.92756508760869005,0.37550552445650931,0.0245121039045509,-0.02556623299492071,-0.044428864469360431
7,0.98156947101745207,0.54733402483073168,-0.80541905178858908,-0.010760385238317127,-0.011854810894391971,0.0060228241514791447,-0.062324266407042944
8,1.028371772733319,0.18573830425692273,-0.93318772931979188,-0.29271687250394218,0.078739702811941092,-0.092525974981889372,0.083403215195214209
9,0.7773647127739689,-0.33954966420117594,0.37443977353405233,0.81645967372291772,-0.046844098078983709,0.041264193626693035,0.043645426459774483
10,0.68006813709135716,0.14832488877124095,-0.74728752923593733,0.91819611396043976,0.051284827602630895,0.0076855645527733885,0.035467811429900714
11,1.0885251411827939,-0.46092992139141709,-0.68719644311477612,0.48730273921638401,0.019794260134816333,-0.0048260935691546158,0.064551694967907941
12,0.71299637556041495,-0.39894790665029212,-0.46057284518442754,0.46546545130535288,0.067616172427825527,0.060679079087607363,0.042176472553295263
13,0.99843508791443913,0.71450127626130389,0.22629521711200784,0.49041841063718072,-0.053539078580438694,-0.07253875189311676,-0.0665263070652935
14,0.70044232917645377,-0.10065390444735156,0.16708225487624739,0.91628400486768524,-0.00016616722169875142,-0.05410065037126599,-0.051099498936168143
15,1.1619046510475144,0.61294614907564027,0.3289841269460434,0.95827211925715527,0.09462346877073774,0.030694460727763495,-0.013816647747914551
16,0.93721794648042256,-0.76874606847857474,-0.99673624106135095,-0.20856371121817063,0.044946011584018342,-0.011024796322247551,0.037193912376925625
17,0.60237632615321401,0.045806937240748136,0.59499432752625925,-0.53524410529746924,-0.040684047287827152,0.069911444207203549,-0.052398607897317651
18,0.93106480135110437,-0.63283621074345842,0.62330434988099137,0.62956593290585539,-0.068769125831184386,-0.055297338064885793,0.0038395442255214352
19,1.0895133344696255,-0.84392090054214974,0.16109820175433631,-0.059139792157597126,0.096252023073002263,-0.074635247077674285,0.033669290287271558
20,0.6870700626342342,-0.9739954679406071,-0.86931522077401979,-0.98247076852770499,-0.0099715872875086875,-0.085027775440941603,0.010950305187401879
21,0.82502654604544468,0.11829163530253095,-0.76471704533450557,0.8113220501148084,0.060829189223235325,-0.025177912194836116,-0.056098115183990042
22,1.1126157393089147,0.64247402026520728,-0.15262391954120558,-0.29101872857108435,0.049095516668243494,-0.091977773430009083,-0.016098806733191237
23,0.85385429720179473,-0.8586185741114094,0.93971872632844011,-0.33715091765457639,-0.0087216658339666908,-0.032560405723620178,-0.065839707944816819
24,0.92528063297334684,0.23590429174313154,-0.17139555751442592,-0.54107000468521238,-0.051206424343193668,-0.030897709581458432,0.0011604872263947935
25,0.65819434216085793,-0.27929100306658494,-0.93591961532519297,-0.055731708904165567,0.052426885001954221,-0.016737016768493929,0.096297528515355835
26,1.3859121448265053,0.10640524740946233,0.52983285766608312,0.9547956994121034,-0.051089453797226209,0.081393779284329726,0.087851381340111945
27,0.71047206830284693,-0.60414421930805373,-0.42508207827241873,-0.73156388853306464,0.057813720638253185,0.047700994827398591,-0.032739155797733219
28,0.66741704334286589,-0.84895773993023504,0.81698570138781834,0.28878039224252361,-0.060482594686785851,-0.040772496280242911,0.078831511940960691
29,0.61347882614272464,0.62489576099996125,-0.93283294371526537,0.88679404122810279,-0.013308378818856825,-0.02482114685210271,0.032921040379989081
30,1.4708587846257313,-0.3852288257567833,-0.0090157037614262414,-0.29265406051542575,-0.069205856973159424,-0.039128240687148069,0.065506902858269322
31,0.68285608885963311,-0.8959452904827343,-0.40732050566156563,0.61040348644653841,0.066975621381370587,0.04509118405218579,0.078818640539796508
32,0.5851035679187635,-0.42896403403696559,0.90781152662462983,0.19177400909328668,-0.07290409339284068,0.072616775988541077,-0.074736741472301679
33,0.69105179652837168,-0.69462244614448121,0.42279993028480334,-0.40640087596717867,0.012984634812893955,-0.037649821642970573,-0.059610742282910328
34,1.1843487297941164,-0.30073408518146616,0.11759630064873705,-0.76769711882429692,-0.054650712422723437,0.068842360292993232,-0.042481861508757796
35,0.76897370261666487,0.27343502627351901,-0.21934693326885002,0.0077181138049444709,0.04930661117758911,0.016029661950103663,0.054925765640244262
36,1.225540646012498,-0.97546544999764406,-0.85217859210884384,0.39384137825387633,0.034826278943955707,-0.087349581156985059,-0.090038513590507394
37,1.0661898426030092,-0.83512765257501975,0.92615123230756757,-0.54134588102490389,-0.0067721683277888467,-0.075211209689755198,0.040342314958629472
38,1.2920083795692947,0.73596038660869678,-0.47300093695420342,0.57488275217794516,0.041371903728382259,-0.087823610668712873,-0.033966145542134493
39,1.0543836075031447,0.95848435801582887,0.49517953773117585,0.79986741593865429,0.03256590690819372,0.062734971062466033,0.030651745519758022
40,0.91252858683403126,-0.58302937628998963,0.40710428799842058,-0.069108522375900927,-0.089271240601276614,0.0074396998006397153,-0.038982298232087258
41,0.72088308844167515,0.65443093711141564,-0.2943427528696656,-0.15714954616149579,0.0027861160227294207,-0.023514545971447129,-0.094292861674929659
42,1.0847146617470598,0.44911651991292478,0.45047130614451136,0.39601718889805748,-0.047064180245205048,0.0012452830328101294,0.02200107952560082
43,1.199850466307375,0.04877140665931301,-0.28760129660263467,-0.46028602552405751,-0.070881885838460335,0.099945489210844646,0.045805678084260504
44,1.0230508343384219,0.084015168296692533,-0.48193550411761299,-0.33069505424970358,0.041716518359202259,0.089749861031678979,-0.063774950026273675
45,1.4200171612974088,0.15092691323951746,-0.42807333106871104,-0.17844747354957891,0.016815268530785146,-0.026060864574140905,-0.040893523149313674
46,0.97799324355925787,0.79458804634144564,-0.53731843101965304,0.76577523313932749,0.021651761160863453,0.090403638099287392,-0.059540985376302952
47,1.3552618426896548,-0.103064310724859,-0.6990616732117001,0.78800104388941516,-0.08542635441360194,-0.010903987425578188,0.061650634180027697
48,0.74136850002062848,0.79409997717051772,-0.16170070120039259,0.86165362528012546,0.042881352260197098,-0.051462988394896249,0.029838696442830548
49,0.50332603066896198,0.87740583787469717,-0.29346999904202997,0.8476599113981742,0.096373795775351517,-0.045124695435847718,-0.026734356629945014
50,1.11310453702316,0.82634236821634555,0.61870236983545035,0.7669097572738135,0.022044647555403224,0.071203886173905523,-0.055731475857545593
51,1.3912124763369129,0.55525034906890447,-0.50062498001849631,-0.87175210930594615,-0.085596361281837924,-0.020356714987210395,-0.015027279742606786
52,0.72502141490029159,0.71635738758819589,0.56264482220491963,-0.90050172030335007,-0.01105541159814856,0.082748723917114936,0.03597868159995038
53,0.51740104357815908,0.63971903721681311,0.93754764513873168,0.28933533308520443,0.081444951271679555,-0.00022411308886263748,-0.033721023120832513
54,0.69477467954948435,-0.16824647708651752,0.054738968650186459,-0.4726513888691295,0.083660325347039433,0.042147673524581708,-0.045908551093391647
55,0.82009098205264774,-0.12306706417662117,-0.70523264547267428,0.57648131715985107,0.063280366777275693,0.059085184406385743,0.05405895770092381
56,0.93554207735926043,0.1780650000789028,-0.25299135561394026,-0.71981981929248606,0.085273191894678607,-0.06204723680287208,-0.019753907376353699
57,1.0408830306510555,0.37725896176937046,0.33848142613927101,0.87871584876707165,-0.025867230523871299,0.024455573429794319,0.015523841982130346
58,1.1051467251445888,-0.9019934562677363,0.48827765537072776,0.68827588885349877,-0.051052464882623744,0.02123945217801923,-0.083235753392310402
59,0.713708713292595,-0.33901998593641469,-0.60378791557500699,-0.33988221608425073,-0.082560323174648301,0.075297871396086069,-0.097518129187452271
60,0.60687629639667195,0.44836802423963551,-0.20965232506461473,-0.63384632757931691,-0.096059505399040651,-0.071314441010961474,0.042839789071878881
61,0.94264642021200507,-0.32729021908502642,0.090138232095529291,-0.11799485734246318,-0.030278952517550778,-0.05875384768289376,0.055087544787755044
62,0.6647532382605057,0.073245383175474243,-0.95871995624754791,0.49512967526748253,-0.019311513699793073,0.032747433981922841,0.020151431345836482
63,0.63517598281448562,0.24529894844703071,0.2138486291683368,0.37385240386169105,0.020353450821715247,0.060718428757597948,-0.090190031984198504
64,0.60547973083746343,-0.94562771195992434,0.85182231768750927,-0.32181826712203354,0.02470712001261173,-0.077479491068914053,-0.021228398441188956
65,0.94927201488088864,0.45469633224415928,-0.83499588241868028,0.016182680679978079,-0.069784825136391643,0.010225866950056228,0.014854838940921322
66,1.2805164247148788,-0.96139271685335692,-0.62038113696475627,0.46799672535360637,0.0098227355589291798,-0.063122332140019569,-0.096448284372743096
67,1.1301465043590033,-0.85947990250101713,0.17938116130742632,0.24618566742501868,0.051682950328388183,0.080308093411161324,-0.0004262641815687418
68,0.66071269581443726,-0.33937929802834144,-0.15540214624123561,-0.26033752037981372,-0.036090599643450655,0.024228028216642564,-0.067051502300271529
69,0.63860732382146845,-0.28539341091233683,-0.17077250915929731,-0.20627035172197927,-0.096138697502201151,-0.054829663426239322,0.012766263520337912
70,0.96419702340324942,0.054777801323827147,0.1134260418480455,0.87816699533698395,0.073723525276261942,0.05322305025284732,-0.026616342086147535
71,1.0084534430572503,-0.95023031408890657,-0.9991902581832921,-0.27589728500574195,-0.095748385439199904,0.040058486706512825,0.07907794971889287
72,0.57346077008068985,0.65178114857160474,0.01301729811568042,-0.96337370229972774,0.04354806752320578,-0.0031674524308841906,-0.089082029324133144
73,0.93357956376274498,0.64461397236573936,0.18811154482991288,0.98991008285196558,-0.045731967707703741,0.06910711234495126,0.034120407379689299
74,1.1710893679916488,0.37455895166015951,-0.57358900243709576,-0.29947964015415462,0.027335013915568918,0.065028356021813116,0.085045379144599281
75,1.0339433221105561,-0.68371553675769836,0.61251791232607777,0.64799604026343682,-0.027790889674399563,-0.048542005748253209,-0.087883402403863345
76,0.9087331742094823,-0.59285018829530145,-0.99212858250044444,-0.29950835678912635,-0.071056785127779645,0.0045088180599275052,-0.020745739075515426
77,1.3747343130275256,-0.27257909105859679,-0.81472217121035007,-0.31774955326549459,0.085848127797756357,-0.072409016440370594,0.035667833516187519
78,0.63874154718016429,0.9540697343409541,-0.50526104434309449,-0.51594572858987342,0.022567192543905129,0.062668370237968396,0.074502462381829337
79,1.1832978207395932,-0.24965867639814276,0.18870541120169526,0.73915787721235637,-0.087490322593737707,0.088161103633464188,0.0114501943490221
80,1.0264168629094694,-0.40151599758903767,0.40628002749130232,-0.07620948861064436,-0.0034697700466328474,0.0015417606813498547,0.014177567634823363
81,0.67297634911635384,-0.099293627550529839,-0.51346645466933571,-0.27537500688319572,-0.047976303517582114,0.024854717585826094,0.0083473767686233769
82,0.55953244909459043,0.80351333100472,0.87456699742235466,0.3467796458245429,0.056143169673397164,-0.032930093671801178,-0.055878519457996427
83,1.020544263426471,0.76441934015632618,0.86708692559737233,-0.13287453354703294,-0.090571173769235541,-0.05413872312447017,0.0042126264303079947
84,0.97718453409381245,0.28015445179663989,-0.65364847341861343,0.6321671030724807,-0.052166093395259551,-0.02306562416881526,-0.034898348264111242
85,0.55710482996362443,-0.010408603130658278,-0.0085714420059013197,-0.45893550870083932,0.043649171453887636,0.049249607585583,-0.0084245267021774844
86,1.436262026802418,0.46223182307206279,0.32797253570331986,0.31416155009382218,-0.080990503479593759,-0.058209030797436223,-0.0027589251505097251
87,1.3870597037608068,-0.66336497227216795,0.30510210153625517,0.42247028120798413,0.036901100470523002,-0.095405058765879125,-0.064880441479096801
88,0.66646009221529057,0.5855420768274664,-0.43272824386067676,-0.35769456046943948,0.032283456909393327,-0.011715236577329605,0.099238498611859044
89,0.75843277584549251,-0.79983728274758814,0.34684935982247866,0.13893902274652414,0.0077600946237390139,-0.046807475288276584,0.069335363353024482
90,0.78796091365495757,-0.30797381321619466,-0.5738875316628067,0.50693880458225204,0.060135638187082147,0.089111788352012,0.050605738371613473
91,0.59659750850460458,0.12944151088041167,0.3496015925717908,0.069675727438820667,-0.057354749422858724,0.041647758130682333,0.067455844532887638
92,0.67390615631524386,-0.39375394965859845,-0.83642927854370219,0.60951711828624044,0.09836737560540626,0.048598094005560893,-0.039566253902036476
93,0.78246988042129972,0.79760770093406586,-0.11813812695043491,0.48670735704787149,-0.06499950381943323,-0.086208749098532225,0.072372413656732942
94,0.58157611984650703,-0.90808772337701904,0.62842948205516125,0.80005872724870897,0.056588397187055384,0.014309395762502744,-0.049833344790950522
95,0.81106098842170871,0.17129505390377986,0.56403133650919135,-0.8100749812676189,0.019032478663862332,0.098625509526344163,0.017176149075211838
96,1.2896860383617521,-0.019928313704727696,0.61122883225224856,0.016170065402399514,-0.046694440258742587,-0.085723117891359848,-0.095980930890532279
97,1.4070543703597693,-0.62343008995363935,0.62012953365414836,0.49485545236785211,0.011127738558295158,0.066934738502280489,0.084145541145611708
98,0.96996199365578617,-0.27105822280812575,0.14838211861443895,-0.86455284232310481,-0.078208547848547638,-0.085608879000165408,-0.075653745747268492
99,1.0682018390039127,-0.69928023110724857,0.78191452372740788,0.66856602804384146,0.00064970454966162272,0.042191077261200582,-0.09760224891449687
100,0.50948478360163363,0.33212919790620687,-0.70117850993221342,0.81887762390066832,0.044069922783212173,-0.045261615668750955,0.067074658518267632
101,0.55496245522423648,-0.48098223067818968,0.46256110399717532,-0.27432494543631214,0.080650602305374908,0.096945412428305094,-0.02368637385200438
102,0.75367283515813621,-0.036188345316978454,-0.084089517045648599,0.68608341673719209,-0.054780367112071682,0.0040659560015807034,-0.063426034867600234
103,0.50546247666348099,-0.14506084689222498,-0.56559643036170382,0.029864284650012118,0.037493704451569465,0.091057150810115201,0.095065232623196522
104,0.87539740049802273,-0.19004616707440691,0.33499055819852974,-0.45197628953644076,0.0036215892555438167,-0.0041696988314156441,-0.0075220211064002535
105,1.376315166176121,0.021488289464344223,0.60282760316417749,0.98951188818955194,0.061887060618536244,-0.003933394204880189,-0.02786252071409083
106,1.3654007800060493,0.26901464963527677,-0.91051349875054188,0.0073053875361070997,0.044926316587919846,0.062815495972996627,-0.068804027878008836
107,1.0403896840539497,-0.083164346905625575,0.79247362237517383,0.81830968644390434,0.087659736207997302,0.026599775070261372,0.082976231707939524
108,0.97853717002006335,0.71642218383318612,-0.3769603132015602,0.19932752762444839,0.072505522433436581,0.026047328337524822,-0.082870474163229554
109,0.61481022967326815,0.66215520663110494,-0.13859541980258405,-0.061800441870317302,-0.056390223267653194,0.023643457658405337,-0.01019840041781532
110,1.4635368224595415,-0.78450594395714424,0.82151574576901565,0.59606138357426786,0.0035386227060538039,0.042787997358542273,0.020080053322400038
111,1.3241634287870272,-0.43028532502988326,-0.57701636207686113,0.65936977082842652,-0.046523919492590965,0.054042409266783165,-0.089633585511178157
112,0.91070518510855136,0.017930493551049809,-0.15408070910370419,0.33978468788881289,-0.051797177738482296,-0.014029594394367795,-0.0030920355635402352
113,1.2849361170956515,0.66296360701704105,-0.083457588853846687,0.40790421609926453,0.054157111024928484,-0.0080062056198274972,0.0021820035785515418
114,1.330829121701433,0.59847109023000833,-0.13430628138643574,-0.44109168831881473,0.098557924644539913,-0.049983774653465575,0.0043003536271874337
115,0.91244675981486789,-0.027308328652336789,0.49141640143474397,0.95445094147915976,0.022244380454029988,-0.042947584115705699,-0.023685181193008692
116,0.75449061363825509,0.96843170922484201,-0.088009795805722213,-0.041905548893582223,0.0061163298014907247,-0.024089861038181032,-0.06538539365799742
117,0.64438335519910739,0.89717149975840615,0.96592316320829252,-0.83568105019480421,-0.019500758258120962,0.089560071099218042,0.00784710206801216
118,0.78266625057573536,-0.79271714788120384,-0.73549520519322953,0.025598878900514155,-0.046240690758895968,-0.094264718531949829,0.053423138656654351
119,1.2244530338339974,-0.85469728709389381,0.38020942450843909,-0.88635522002317346,0.098131248794564446,-0.086131588546195167,-0.06117631779954387
120,0.75522460336130681,-0.96239330809271828,0.83189794721013088,-0.056058196622975842,0.09769387121131265,-0.063384463640236824,0.068327490197562513
121,0.95031995062952102,0.54993066093680532,-0.6491454882740495,-0.47705702857791743,-0.0094282044241135871,0.095700060857267982,-0.027359772589828163
122,0.89177547237356836,-0.0031143814843284101,0.84569243486975409,-0.37749408266480122,-0.033735983769615646,-0.021052686036320351,0.044231819934555078
123,0.8080447768325929,0.19328999197111174,-0.44172956856500045,0.074602763188770238,-0.006259957436922009,0.012247659917704795,-0.068326628287066773
124,1.4476349786002971,0.47769495868726408,-0.78361624399375929,-0.66272243487165761,0.051741125255454573,0.097675378322011702,0.0039539599091777539
125,1.125291435576671,-0.90731690103462981,-0.13640094969653571,-0.64157109432153869,0.055893771475645088,-0.065384328392930874,-0.027002095565008724
126,0.97472528695388849,0.27740381681559922,0.070442018879421031,-0.39956802915804079,0.022408311835011352,0.016698480106336969,0.030060915636998031
127,0.57658016075697271,0.015394982741945951,-0.49379043884789486,-0.70634122650724551,-0.0088446244472225183,0.001696210281368099,0.023622174083384559
128,0.58490249936244343,-0.32485929973467331,0.20620182400485021,-0.8617177459892662,-0.094610185086563894,0.077224157638120128,0.087941886115648321
129,1.0084058030232574,0.085204375909467167,-0.94188887817990263,0.79236203237479952,-0.046977160059751527,-0.0070785213397751845,-0.066281144705880604
130,0.77773200251492758,-0.11907530777489606,0.27231921568542838,0.21413235005283604,0.093036725458515962,0.034070482790954454,0.086396766050830853
131,1.3748681807294414,-0.4072758777030594,-0.23404564214876933,0.56707626532919919,-0.065973255238594278,0.040279832035876484,0.039780691660372292
132,1.3277183948318723,-0.81329887374882803,0.92899866463158154,0.96083808015107186,-0.0091092565883617443,0.059820448484748323,0.008571436808807828
133,1.4560424600568007,-0.18476831262984605,-0.69744281918483364,-0.316862652370139,0.023678075285336789,0.092387734946771299,0.048561303616978968
134,1.0718783230492865,0.22039633993931651,-0.029684359602463628,-0.62849774522145485,-0.010327785554425969,0.063396933958499102,-0.033514359990758247
135,1.2076901481245861,-0.90284236216714664,0.059412788737675637,0.73059760868585899,-0.090404240862577284,-0.097672795619219183,-0.010302779819306607
136,1.4577329690823466,-0.98499739333680392,-0.60663532741127169,0.034331879692782952,0.017639917829771742,-0.04546130907209589,0.0619894202583052
137,0.60677488312219885,-0.9276538928842093,0.89376110968423195,0.73669329971585773,0.036990042462957284,-0.031631942392635892,-0.050110960865967294
138,1.3955255260163328,0.46829930074203463,0.65216315337953668,-0.099985041768958283,0.067509973863799894,0.096313979373639919,-0.043512610006428989
139,1.4120287742148334,0.5738697566158184,0.062007673639293603,-0.044221044525504682,-0.092935091514171259,-0.051081683680253946,0.046905132833520907
140,1.0707862120511362,0.93171904441962194,0.3295601619295081,0.90702789324186806,-0.022510049471777482,-0.05000293326259804,0.086658374873685412
141,1.0700225025715666,0.45028079356504169,0.91755218151844886,0.88850747892179283,-0.088763165627795501,0.00031396920876917978,-0.015466623471993207
142,0.56539701237964968,-0.36837598195750942,-0.29822468119262635,-0.60917276649243068,-0.045892596741685512,-0.040197621375220031,-0.064354892079582629
143,1.2061139602095963,-0.40312089719933519,0.17308041168622279,-0.058341979258655696,0.022306608306773001,-0.089176239602169319,-0.059909439070606023
144,0.82566685276645946,-0.24531085515798434,0.023245710617723736,0.56085666307675841,-0.052086937716151561,-0.086896873387978246,-0.027179217325995528
145,1.0566956203305242,0.49639293586090938,0.83595096141455172,0.77951309544077407,-0.039414249447812424,-0.023625215699463825,-0.044585835137755096
146,0.74149881148207897,-0.0045875100608396835,-0.43858913048565817,-0.39049391293220714,0.023835271563717564,0.024543676363621453,0.040221970213764113
147,1.1062945378794222,0.77258317628618012,0.058224463672148508,0.75539839041629797,-0.032100669709639984,0.081790755591153758,-0.038863081617384609
148,1.447021532950447,-0.084545804578026962,-0.27591891450351347,0.19647640433950886,-0.047320365498647043,-0.08286250970241707,-0.0056374111838409374
149,1.4266233587083703,-0.92840752066218157,-0.50708889835231186,-0.30194127701087559,-0.040059319280024153,0.051266756459018986,0.01851749344861231
150,1.2748440395443739,-0.60994246457754842,0.8267153146383639,-0.22627097896838788,0.0090832511135464922,0.079771456947098085,0.046750877439561439
151,0.50340495214063063,0.11604468618220887,0.062323266463229832,0.15608660841529032,-0.009122199994031438,-0.010211905205501276,0.032878913543611277
152,1.1340923362120525,-0.21639183117740335,-0.0074271922703783577,-0.85924158350227176,-0.01772503252329953,-0.076661336526680793,0.097704699558198937
153,1.2121368667883519,-0.017096385860183139,-0.16071172848730986,-0.42235115195842887,-0.024496847699439939,-0.070830239839230785,0.034376313404912762
154,1.3920527281366417,0.65699116994565832,0.70968929481110377,0.77002827262504758,0.093891159838819599,0.093742975596391692,-0.042445542714394852
155,0.67070050872184273,0.59023646925830797,-0.66839891320284051,0.10964927498707966,-0.028783846845009009,0.045279441240356849,0.014111467117187318
156,1.0314327328905977,0.62299049795895844,-0.49107865823942376,-0.69380695725209574,-0.047878122257791048,-0.038987694195111236,-0.01421653524074748
157,0.9397970465353791,-0.88297330998972834,0.096448829955205762,0.26850259927864961,0.024440094899740347,-0.020510494767046875,-0.0048552136570657323
158,0.95707246011863456,-0.18232601680499672,-0.11058459866528114,-0.15032221898768383,0.023009375443143812,-0.041910976505605269,0.0312092114547948
159,0.68698428705308623,0.91589522529335277,-0.52239910877207962,-0.040261922943847894,0.0033960325761249327,0.046514424524038644,-0.097013810122906774
160,1.2403313365100934,0.027487290064609482,-0.93639217226533122,0.6328981600468544,-0.076334525785374654,-0.073916415763736268,-0.015474351039931639
161,0.50412692706137496,-0.80389486041984903,0.13202590519792712,-0.85159883578727391,-0.079404977825372536,0.060052632259892519,-0.068215503047172887
162,0.7489490772025259,0.050931386925563871,-0.73579561207695421,0.45712948191561131,-0.074173814183552289,-0.066588321831947073,-0.053298853386586777
163,1.3747642270631166,-0.12878793131331134,0.32598919756746447,-0.90337038684824877,-0.052488395792747292,0.057254042566726393,-0.057323098729389968
164,1.0920427423633492,-0.50220823910171775,-0.76934825632828363,0.42998717829663691,-0.063045354774703494,-0.089768679865319112,-0.020239628578024499
165,0.99020175601933957,-0.57327418478353032,0.65224135662678218,0.31973724783855695,-0.047657900816278236,-0.010182842716663615,0.098166908252541624
166,1.1201003919678398,-0.69552261889821487,0.85375835364922792,-0.33452980026843826,-0.024709972855898016,0.040951550614822974,-0.041092181909824201
167,1.0502143755878772,0.28953510887718115,-0.63601256505317738,0.31112885183624717,-0.046175861420226651,-0.052261034338156612,0.085058569198489614
168,1.4923403676645379,-0.38764451375756526,-0.71972165880981809,0.57964660011142244,-0.065917057334167029,-0.065892315553912034,0.019474230341483836
169,0.7696141426596278,-0.81039187584948613,-0.30578531601994841,-0.32850200472358226,0.00046334841234751956,-0.037417139523533746,-0.056357602922654508
170,0.92233009064506177,0.97823139581994423,0.29793911443455268,0.017791938275352859,0.025948315412245709,0.045773786500831692,0.043764138186607765
171,1.0362950519772236,-0.68953514734271293,0.49826960390782005,-0.5622400578851825,-0.038483110867705173,0.057287836753289384,0.016336159881790963
172,0.85402128578992464,-0.62349616628921067,0.9599520087628477,-0.070151916691593152,-0.088206905098623445,-0.016286690758689645,-0.0092439111503847815
173,0.97717403306214801,0.44119017614433798,-0.19946285675436548,0.74630699703788994,0.040655256854408545,-0.00026581169875976307,0.0032319886324132241
174,1.0047869564361931,0.49492189623144101,-0.022201656197768926,-0.24867943688832295,-0.069761179831065737,0.02717270710914535,-0.058920387541402233
175,0.67469440560693061,0.7096999971772302,-0.95181823527143083,-0.82099304547417318,-0.08459128768624638,0.020385859153493974,-0.099258786708512847
176,0.91330124703419768,0.40312895582562369,0.73283560085884925,-0.86967886765773916,0.068715617654539485,0.085011537082490402,0.098275408711339662
177,0.54363447186728486,-0.092947485835640942,-0.51930964148559333,-0.32399033425126089,-0.01995398703335946,0.042007688731865861,0.081312434151113777
178,1.1704496855436326,0.16165527197919305,-0.27361224624641434,-0.8651610097646254,-0.050706993536746819,-0.024958146810947837,-0.019476537024777543
179,0.90141210286820339,0.29550885296211638,0.72123674049713293,0.41762228171762938,0.018702970784234024,0.016290868027643374,0.072232690915726372
180,0.8880889855737728,0.057500751127366412,-0.38878108515543386,-0.49529653537817331,-0.016173865925095204,0.045825782621311928,-0.062519574368724684
181,1.341128227113225,0.12340350768378072,-0.94320977063677391,-0.18749769904347602,0.040709262296420745,0.099428978489702169,-0.020519158992007652
182,1.2917159122192512,0.96971389912620998,0.46005242572857208,0.17198774757574009,-0.0745880252189106,0.064936812296594842,-0.088922511873461452
183,1.1096670185679574,-0.6006279349960062,-0.37882480483863401,0.55360831142359146,-0.049336834888163185,0.021250150978255361,-0.024327873812889075
184,0.907825760517464,0.0032444603424486296,-0.96906162157791687,0.072658814013721873,0.043940570904057785,-0.047203969253278168,-0.051302345045015144
185,1.0235180641399515,0.74980582779390303,0.11784104914376403,-0.70732835582660081,0.017541551532331306,0.020552222693338604,0.089682368431332982
186,1.2970564923030397,-0.29382570324710811,-0.022517392289874039,0.65219912664092616,0.07127604454207323,-0.063827917918191424,-0.043997219316342089
187,1.2269450817561989,0.73145500663729091,0.43543081735313516,0.25627570715157777,0.017338553162662085,-0.00284204287544218,0.030619148947629987
188,0.91322364872613471,-0.14344395235789253,0.30920651711961766,0.86353908763245157,-0.059045656797894086,-0.025653145916714262,-0.072557972130230408
189,1.1091583459895538,0.33496685958833727,0.50559788304683129,0.764948229787624,-0.02872665515237742,-0.057608550695273,0.030245941045473484
190,0.96779479558275583,-0.75974762219184999,-0.69002359256777446,-0.1930188376928148,0.031286585071487932,-0.037298179744930868,0.090682704579496315
191,1.2164116510172471,0.59695816784600675,0.19853263460161585,-0.56391408156764022,0.0011260086580278522,0.043519578738854842,0.094345691623274525
192,0.74168229516735273,-0.29020090249702757,-0.30534492413186931,-0.41537863942720765,0.051495273519526402,0.084745722654658129,-0.01307766848847039
193,1.4952104742603383,-0.24510353789062411,-0.082292707082310956,0.39244084797611789,0.066448762564151304,-0.010486811410446092,-0.026935159096349068
194,0.62813820091005157,-0.3039547755717471,0.83423985649489674,0.2241904766715821,-0.031715481755209884,-0.014247917822363898,0.038903836169218053
195,1.4421034530848473,0.27145612583618628,-0.34826298785708465,0.039604639353030491,-0.057355448421335359,-0.072970365742970611,0.011313463622887182
196,0.97960160229762339,-0.36831811359132982,0.75299511279971165,-0.35960386919591358,-0.016415952705135822,-0.044694628335556486,-0.066573965614909775
197,1.4789302192266716,0.88251492728477077,-0.59174640305438553,0.53511602109139034,-0.086071616197795492,-0.039329518918805567,-0.076568861263364471
198,0.77178344373971375,0.73928459670383595,-0.11597079729906157,0.6746048024777902,0.023748542193064354,-0.052334431535423435,-0.063896752222283582
199,0.58619473236036423,-0.31490889191786087,0.4144996590106147,-0.62434599144702152,-0.058601620520689207,0.0087429890697644508,-0.074698182069490637
200,0.57825436476416148,-0.55215905911910257,-0.3015419239553534,0.6322683165488614,0.090098950887390866,-0.03728875310588646,0.071202051120913878
201,0.81244118239720531,-0.90578689982823635,0.37241003124697292,-0.40171858374443636,0.059348732349856853,0.053466263598457381,-0.048033777688223728
202,1.0934830003613065,-0.41782926963286871,0.49094996049893669,0.26653434540310261,-0.070845701158450014,-0.041371419425234861,0.011480864479635033
203,1.2300545939521932,-0.055607225541498773,0.24270500530157135,-0.61797198606307013,0.061601599969226456,0.0010558324211767112,0.042022757460603771
204,0.81489379312548982,0.97449375276879047,-0.69921428183746648,-0.88390129932501083,0.043984542899223572,0.085446155987003752,0.076606655077102487
205,0.64706243639010641,0.21686832793425603,-0.010872296745359167,0.55391524933729031,-0.094234225891173098,-0.089502486756036115,-0.099169398238166576
206,0.82132478999577785,0.7362223374721808,-0.94344385727659041,-0.65634686046831159,-0.0066999616829313269,0.09459863122034301,-0.021675583800349035
207,0.66115687373712395,0.57947695763674489,-0.68218869850993591,-0.14577979728884372,-0.054377938450187104,-0.0017219748530396817,0.0049748901800954065
208,0.81189081417408981,0.23097788823744114,-0.12272963346500743,-0.17207651009176206,-0.079207671807609889,-0.010174652191426908,-0.099227369040324503
209,0.5803851675379853,0.39284630350763949,0.11528669125006585,-0.10217274997589887,0.056778358331998957,0.088678742626512624,-0.031245872181670215
210,1.4362989177625303,-0.15969270438397221,0.95215951778339991,0.27478774743330758,0.021952875476510675,-0.085000019738719901,0.05731780599825953
211,0.55507299116832387,0.19136554446935738,0.47398964439689051,-0.40430626189741226,-0.031832316742865241,-0.048921393036424426,0.07142193872089217
212,1.028714197323978,-0.28004495517984451,0.27399984772782982,0.34812046879679559,0.054215566414555161,-0.084557945615514982,-0.055431439043323018
213,0.95512788458940912,-0.606457320640992,0.84766924602430382,0.15802065188947689,-0.01275384668196386,-0.07967471436464163,0.078710774697759972
214,0.79870788813817439,0.58469368917877662,-0.086301321883291537,0.025134521836338797,0.08467934804373628,-0.067258974155238543,-0.033297909233443251
215,1.4150154303813558,-0.68259882609081801,-0.68880852648650337,-0.21398150741525446,-0.02058945916331674,-0.037749928420599127,-0.098521695681921623
216,0.89882531120536047,0.10993118500038723,0.6832746391747424,0.98220241106052653,-0.050617920870054151,0.080337772904821386,-0.034612242901555471
217,0.51620979201537454,-0.47069423764903329,-0.57695625153945862,0.59026516665162254,0.050400205602796899,0.014308631942107256,0.06997652866920781
218,1.0486954771836905,0.23240885301462821,0.73291366275864789,-0.96673627719170163,-0.022741185671087766,0.014613402462199415,0.0082086899314633699
219,0.66558013679633066,-0.0054901801183431242,0.44626989198397826,-0.63768647823383806,-0.046778530974997935,0.059798228698471123,0.033282579585788008
220,1.0125073859167317,-0.69755102956106052,0.54375047176117763,-0.83294271193804925,-0.085406063316786712,0.072135141058333963,-0.05659125868982276
221,1.1461216066251196,-0.54249817070757889,-0.68285181503019499,-0.2375973407233507,0.044747839260363576,0.037167236325293257,0.067253362583417214
222,1.0557452938128611,-0.037149641632104879,-0.68778483040550276,0.67547143008976485,-0.080222736503914968,-0.028928694114140382,0.022191503627466982
223,1.1861999475302816,0.22130350676798427,0.91090737940892641,-0.58476749429303165,-0.058180456414686589,0.050010415838464994,-0.054225102816178518
224,1.0958904585694307,-0.25932565057994927,0.11709019632526085,-0.71035608640705084,0.014033475035417492,0.051746837975758936,0.024085944036831175
225,0.72799198475947513,-0.15624341603733916,-0.73545233303280089,0.95134425840744563,-0.079873943195185287,-0.052026066965989437,0.084910711445409903
226,0.97659390683695024,0.45497548687949863,0.69005707217747303,0.86221089050954336,0.054514767135350861,0.0029728155278128388,-0.034029699368726893
227,1.1991933850115333,0.26742532502399197,-0.0099743490058383788,0.81413902194540966,0.03328468311412508,0.0090924201740272548,0.079313559667353511
228,1.1958407772181463,0.23914243264330226,-0.53973451249024063,0.48623445848748359,-0.063370685266452648,0.061028022752758537,0.0049878832346891971
229,0.95018681302212893,-0.10098904799245934,-0.50896533583506764,-0.25432281156873837,0.029375250376878964,0.056028445001755051,0.00098891623666616524
230,1.3038330946478931,-0.42020009644250211,-0.57649486094865177,0.35895294547416823,0.034449228027242457,-0.016189627807315435,0.020286583656211832
231,0.65538330241334053,-0.72745183263010516,0.95838116474769319,-0.77063626990974954,-0.094546809249414901,-0.043351758092991299,0.014649994917442483
232,0.77571681452264685,-0.48413064192494359,0.64418427734951478,-0.71281721464621639,0.050701039647590179,0.0024427025664716107,0.053762394238499461
233,0.86923802109817605,0.82688761297704438,-0.015121894901425126,0.899090936928155,-0.038682004210698763,0.026166745515927181,0.087997503585007103
234,1.1164753161492205,0.37989041554020098,-0.031228856533274563,-0.13258028304589575,-0.038536559319925813,0.013548384941464015,0.0035174083203119155
235,1.2366922959352631,0.44186299015916619,-0.25464033459006452,0.68442721950143159,-0.027873640165833422,0.079771594607311619,0.05967343820281501
236,0.82429022740605773,0.44495898389672672,0.018840268299048502,-0.17138763917872857,-0.026974963589795259,-0.093431063393927288,0.084956028551718882
237,1.1482103989738608,-0.049644426071426828,-0.91689211719324049,0.80797653698612648,0.088598605601125785,0.050319736443096674,-0.042982507497345182
238,0.72377946380963765,-0.61000197444279314,0.67576259550898943,-0.85535380343593403,-0.0844248848107996,-0.022952973306812702,0.019321364628148444
239,1.2932663059567189,-0.05036720054918753,-0.30395726602467632,-0.33345088497050845,-0.080748802459553071,0.042075847821780143,-0.051996891374623558
240,0.84559511929833719,0.38986122772323162,0.74523163808220505,-0.4827350886181041,-0.0056012578955606518,-0.056795588437911909,-0.0074916968065509293
241,1.3382176993297707,0.78514959347840518,-0.66219524430029297,-0.69759960487185735,-0.0093224650272235171,0.063196870341740763,0.078099920204081824
242,1.2920216673567517,0.44052429547055372,-0.032612100220411389,-0.10611826602939578,0.069568976111003544,0.011551539518243351,-0.022616782053115375
243,0.80864349402992219,-0.54964500370417779,0.58745271505952101,-0.86728250939959417,0.097857757785332178,0.015225687605977672,0.094624399310863722
244,0.76472712422408295,-0.67084417863823331,0.20220163384874046,-0.41323851169083303,0.0063978839011935573,-0.043054916913300545,0.079414385058601766
245,1.4878044982437966,-0.13023144889912475,0.31462220187438406,-0.64880152024227478,-0.08516436451728214,0.0036021937206133919,0.098354989205924226
246,1.3091922134984566,-0.63822927822949449,0.38394911581869806,-0.42820311653683318,0.058138862688443482,0.04748455748051994,0.073838097709530787
247,1.2417145427321903,-0.98469320323321763,0.3306919165330704,0.91523368126503857,0.048354443334048147,0.02466296462018551,0.0020676204987802455
248,0.53379575470797125,-0.21967448919200638,-0.70521788333349411,-0.44606713929494268,-0.041462932677288913,-0.096544555154166406,-0.090007850225132469
249,1.0023505327501869,-0.94191484606258369,0.47278262407369342,-0.6589603711916856,-0.029283722946433541,-0.064981367918005989,0.046770572939126231
250,1.1766407841465969,0.30061443100925489,-0.52950030005900661,0.096945180350006099,-0.02424588011812559,0.0185039321366222,-0.0095459690089513966
251,1.1686513126021496,-0.74226466165057015,-0.70674045854284895,0.94457680604503969,0.054991973136123168,-0.080078689557992577,0.0085937080418088119
252,1.4927458414572516,-0.6705687384147232,0.21485477074398229,0.29125148481193053,-0.059501425613294391,0.08393579962679118,-0.080096525547493969
253,1.4276696931904231,-0.86134625799570319,0.78261252203857667,-0.33528425271138662,-0.021924009663404312,0.064406691214454109,-0.014862501943039702
254,0.62186120371450893,0.4139970687880774,0.087722720045271707,0.38439782619784535,-0.097224760029769153,0.09360366308489762,-0.061832467419292159
255,0.72676908631458104,0.082420206085297876,0.80182193825358894,0.35168693446768606,-0.042999221748567143,0.040435049440547904,0.049665587650406268
256,1.2458318366366987,-0.084814713120743734,0.067457214702874468,-0.45782039775476879,-0.037214702438174665,-0.085313749574198267,0.08142364041139788
257,1.1746032856026343,0.55721661932888611,-0.00057803151748903048,-0.1456938245610202,0.089563431404443616,0.051175570847060509,0.0055975682092806317
258,1.1573347846049988,-0.79076314109009904,-0.29207727960464802,0.73882937562458761,-0.03973202124315256,0.092338053651633112,0.051157811380630747
259,0.96130488389400814,-0.34574323637904558,-0.54477079557886743,0.68075112096379398,-0.026812732163889422,0.094598710914576056,-0.019599636783362601
260,1.2429320189329263,-0.5902194871040527,0.45117069575935487,0.90767996811900287,-0.046010694823629544,-0.054953722372893178,-0.013368045071912027
261,1.4140589810782496,-0.36043143819928902,0.34999225579606907,0.29986198249503437,0.090886902784310858,0.036734607426112176,0.025512454440667021
262,0.73838276685418713,0.046827743754581652,-0.064924807329896472,0.52866550882795993,0.033255952803825845,-0.032449776586431583,0.096688083879913317
263,0.5291830240793518,0.52043775775105949,-0.62431689500664023,0.65419374436728051,-0.021933475909233585,-0.073137679015696705,0.033333326508530159
264,0.7639807596916306,0.26169573256538214,-0.50439237032133044,0.29459376618036148,-0.0074558685812793069,0.001769112860791483,0.058303697926899489
265,0.60177921958146374,-0.50303402119653162,-0.3621521529266416,0.047823334186341659,-0.081585754971485569,-0.014130090167848386,0.044330341363673892
266,0.94747088585719574,0.19811020577706806,-0.065063812596145798,0.042591186413801774,0.032538103789128359,-0.071425716609267845,-0.05258274465294064
267,1.4673173093881675,-0.5175470731444527,0.0057031276600032488,0.030897476699618398,-0.023818375690961943,-0.011427623052921027,0.09061718481445416
268,1.0752204868089406,-0.43371736083162427,-0.033622983355514835,-0.96168897140939347,0.048928647318031093,-0.019971365678547584,-0.025351506698445103
269,1.3269828888086992,0.24747500041280857,-0.86187822923635493,0.99458666058397682,0.037531292520298687,0.095448981610128464,-0.010402897755684454
270,0.88639048584252456,-0.31723670463550335,-0.57615192416878314,-0.20105983333923994,-0.088292975335667878,-0.045386249986100524,0.018287363975103221
271,1.4351252127577332,0.67116996001913165,0.73211069687327535,0.72148929659487893,-0.024928233705087316,-0.098061831324031887,0.075309159877427478
272,0.65000770204366476,0.33548655285765028,0.47180560089852497,0.70920340298451778,0.042986235027923064,-0.043436640161615574,-0.0050116331617676702
273,1.4359830865884902,0.1172434555262456,0.34093253313764715,-0.84574687241113189,-0.050237882384147038,-0.054476483548893409,-0.052517478793865063
274,0.87260119884776854,-0.27442443243922443,-0.74241212623378416,-0.015213387075001528,0.035504119412819751,0.055739409703845,0.024145927212784857
275,0.9816188814581438,-0.66572944882552676,-0.77871664677854202,0.14069358122458797,0.056049794987890228,-0.040369241007652268,0.069226920275322679
276,0.82017228365518335,0.26660396399170061,0.55192247144781015,0.13839686860193989,0.056315474816292038,0.070448894857536887,-0.053302541146847876
277,1.1097165692732114,-0.32255590865093908,-0.95355013810285172,-0.071407852273756456,0.040177044515701532,0.010280020380886268,-0.047340474148726601
278,1.1851982660851026,0.76142729261299658,0.14390055029384285,-0.12532695860726606,-0.083607410305162666,-0.053634147302093704,0.0065965637343905065
279,1.2772876824755963,0.94770587896186265,-0.35070835366448416,-0.48225342002148719,0.019687807686856768,0.048284864811749678,0.018181524790590292
280,0.7254428066498525,0.98966046543182529,0.84037236793200742,0.59323978878026939,0.05129162199423884,-0.086855296359972342,-0.092787997804246472
281,1.0035993498285758,0.80334891376635387,0.13393756134332913,0.60523302369760512,0.009006112295161614,0.039224794354131787,0.064803871513320427
282,0.9177493487991053,0.28146739225776551,0.6837589076062025,-0.72599630000826121,0.033483257357500823,-0.051951458323864053,-0.025004843917714584
283,0.97115549656035705,-0.9410064048935598,-0.22634668610444653,0.38260237642729011,-0.093260764406300545,0.078542617777423634,-0.017819161938299646
284,1.0516868468587117,-0.91751735222593189,-0.70149059756704091,0.47666389165963419,0.068699490620421771,-0.021794331783561091,-0.00027626689454920972
285,1.3388572651104398,0.64830301949858593,-0.94561273924408296,-0.48917948462544558,-0.056130037216327124,-0.0014460142099808337,-0.00081522206054071567
286,1.0212237440129988,0.47698548568487165,-0.5237871539234451,-0.57850709600521499,-0.093746899295357178,0.064846534614693585,-0.086044176449063578
287,1.2852363322151232,-0.79133166298554181,-0.74649155245805221,0.66386284944648311,-0.010588862404185287,0.065933028852483949,0.03817660584037702
288,0.80704071440213343,-0.20984236816579682,-0.1214727988314781,-0.55316589920780523,-0.017490483736310569,-0.083538021579728783,-0.086923046181699312
289,1.2192528223768764,-0.86545883588228034,-0.175981276017666,-0.18638744567977783,0.017964058267984639,-0.089548144012661451,0.015159326100447901
290,0.80596799128628327,-0.81098002472980402,-0.15037292325546958,0.3814232929520498,-0.081205624516668407,0.076455876955282137,-0.039633325163628212
291,1.0056374141688873,-0.19649160291453382,-0.86397848619101425,-0.25632565733787605,0.015434825654351475,0.039142797499006732,-0.098599493289639115
292,0.76086640210097001,0.44212918542500157,0.12058793507091314,-0.25566270036657612,-0.096091915352789714,-0.012197735763117556,-0.072689759019307632
293,1.2983750808697998,-0.48860020648859526,0.29646509408163668,0.98131193082661938,-0.072531840300138983,0.086159068917853188,0.050229700310345043
294,1.0178116271455251,-0.45211199840763272,-0.24613321558154122,0.68321629777733106,0.012577233939260829,-0.049169367306002257,-0.011252055246853312
295,0.57017210071041236,-0.50613571246335187,-0.46236638551090881,0.27969074884955147,0.02987063184185107,0.047245387457287985,0.0086219595792028647
296,1.2507669977155209,0.30821309294202348,0.11306780872691502,0.87315751752093029,0.0016335764899550187,-0.032730388774323549,0.033661981764731091
297,0.9993451926764807,0.53484149563945582,-0.82407256418140618,0.69223842874467412,0.046160601477584662,-0.069555723280345427,-0.06421396708237051
298,0.67346389843489529,-0.19094069683807602,-0.64823588465909765,0.70171173098459771,0.049514197012512418,-0.041687622424504633,-0.085448493656890001
299,0.76815922382364554,-0.2959529549176132,-0.34645501732890227,-0.75190179407633728,-0.038727795830646033,-0.093136803729963913,-0.067689403226195391
300,0.82265115914353293,-0.7110128657307313,-0.0064233164229825501,-0.34781783460980975,0.063172791927876809,-0.099213536805453362,0.047623369415099842
301,1.3124294449946219,0.73115554908425517,-0.90288621035089722,0.54949047058851042,0.024265597577125944,-0.089631314021223263,0.071176101928028201
302,0.82553550140548315,-0.88459677704062956,0.081079882262413694,0.99310406773676418,-0.066710401957849719,-0.027693624152403826,0.010687740869033055
303,1.3998663944820131,0.16975476163028302,0.87017836255553882,0.35569193040824065,-0.057703712820618348,-0.058285760935850896,-0.0013103176532635458
304,1.3148074331979749,-0.91235514109902582,-0.25095069492701794,-0.16100207203630257,-0.031274607784972111,-0.0018778478368351309,0.053793431495393368
305,1.1332009896606405,0.20843064440116987,-0.15788965935562427,0.65027716686599568,0.032140843493496496,0.097060024599468608,0.068530404074862827
306,0.59820734899507411,-0.37162099079273614,-0.44094312004907166,-0.85052132366739652,-0.093522284174900966,0.046449405396099569,0.093157668917212555
307,0.87426214341699415,0.48339440627000863,-0.83058923074089641,0.311355803953836,0.038528770030942655,0.032604691443778172,0.029346451487869268
308,1.0056192268601398,-0.37026722120362887,0.90371556696199717,0.62698047614483876,0.059894203812132812,0.027715491241216694,-0.02049170278196473
309,1.1883154117665724,0.85210097493008763,0.54068674353707102,0.67395261569269316,0.078465333869847165,-0.01763282627316487,-0.055052342372011558
310,0.87529020689652248,0.61105252212607453,-0.46058503255114824,0.23223399184678906,-0.0088082186606491392,-0.050658089269603648,-0.013261661888812365
311,0.75697326559043743,-0.87007942088015588,-0.85890439263408447,0.32124290308614589,-0.092905728267231424,0.058942619084600245,0.062170056119727174
312,1.2893899014284858,-0.70127853720893096,-0.050049806460509272,0.50274708297977555,0.072490134741881179,0.028878013523541607,0.052156735082223099
313,0.62759147379622848,-0.43472941955666844,-0.78314059162290151,0.6295264486280816,-0.020517133687680239,0.035649178987199409,-0.019820117040696236
314,0.90757579783507314,0.73527628398167733,-0.37681511827081748,0.045023625960927349,0.030522854810912825,-0.013586366201090355,0.091638295305948414
315,1.0169828455672354,0.3271317709275956,-0.74580402180204031,0.92285370192473248,-0.061753543416509959,-0.054058921479283512,0.071251216349685509
316,1.1997149530707283,-0.13734701587148535,-0.95661233479288743,0.52654945597191216,-0.049147327413889455,0.065629969535961369,0.020210011652105411
317,0.57363095648945095,-0.70126131041546236,-0.46382836370746938,0.92932837562406156,0.06085718952627775,0.014905513049197558,-0.062896192735293593
318,1.4288083919607804,0.74051521313017221,0.60294755002935307,-0.60311025932847451,0.027018621218342809,-0.07188953120222813,-0.036452712357649839
319,0.61731565901365482,-0.88822381802360795,0.48112679852479312,0.080746764331357079,0.0076766825918300058,-0.051751788767921775,-0.050392042356765802
320,0.65283182308964738,-0.98722059228283054,-0.99906161215216205,-0.72418827467199676,-0.00042930522804771054,0.00082486673008801137,0.023121413979595412
321,1.3670781392428168,0.67731272150041022,0.96510249660610925,-0.13726913728873713,0.09786269842829301,-0.036207336165296741,0.075501516218546116
322,1.3079190665079734,-0.028838105435653683,-0.31517473669933183,0.34644239978610081,-0.047301592727228142,0.057868688023427123,-0.021608749006761754
323,0.73774041528421097,0.64230482362228658,-0.90495836264534568,-0.53082118859214367,-0.046570903280680767,0.054412771767062607,0.03609124910372119
324,1.3613654018202253,0.39897675216458195,0.022164152739302168,-0.098374153076202786,0.047467193070946073,0.084493969341059877,0.046163044360068517
325,1.2719399315226294,-0.9346671739060961,-0.52928441174182383,0.028541654420768392,0.018415367525202744,0.09759042125487094,-0.094913493727682235
326,0.61096406820294513,-0.0088881328334184939,0.53008749362557972,0.68848497600594172,0.024633276176824509,0.041526812285281517,0.062445831580021371
327,0.72431399862854196,0.34391317297149127,0.99444120670030767,0.56849519593751019,-0.01497680687178618,0.03124145088592481,0.065196886784146146
328,1.1383232576950106,-0.56780774212598439,-0.096620049454113843,-0.31546773374216608,-0.057419532558431331,-0.050863116589368575,-0.0036808595675887623
329,1.0083735583958151,0.3007823453350158,0.78869954457426705,0.50488338706872038,-0.082341040590007269,-0.036884102831784074,-0.055928142070906753
330,0.82082936561159281,-0.79180685939975803,0.65840858650484479,-0.29564083706363564,-0.075943233578654762,-0.055105294489709578,-0.06243086815442165
331,0.80514741031246684,0.47055107149167785,0.20560608102144373,-0.15345054422690407,0.037156109387893321,0.077775694832774439,0.066840191006990374
332,0.91521316433518529,0.35607372867977971,-0.25399104276432505,-0.72695961500511186,-0.033725609232484868,0.010732994925820138,-0.0031579672836651029
333,0.86190494805294549,0.35872786034233872,-0.41870309221623092,-0.76054739502227586,-0.032299391099385663,0.053963829803552271,-0.0065684982624435173
334,1.1509495339236806,0.029437845887373637,0.91812924683470798,0.97612885846268527,0.053752587480921071,0.096515185238608497,0.031955088709732876
335,1.4146818251917006,0.90014757215548946,-0.93076222131164266,-0.1826398862355112,0.0046617603942580299,0.032758746673870381,0.023859165611254146
336,1.0419095081385508,-0.78737262803432029,-0.92614294065830038,0.71211606326061871,-0.00047841416283281313,-0.01216094941076247,0.021050412013546876
337,1.1823874946181618,0.11701685476411416,0.7364273293098853,0.87962834814916824,-0.018453800562697714,-0.063043431268905242,-0.052377397554448681
338,1.1781841208871944,0.97206268491902148,0.9687543029744996,-0.18796956847267565,0.096015043167829356,0.08402803711673576,-0.086839622140501407
339,1.4362383301207238,-0.46617624044563866,-0.636241395893415,-0.64702346501742802,-0.024147946317902874,-0.063343788897858827,-0.014456361711591439
340,0.85918429084397774,0.29555789319885695,0.049213531185615889,0.67467334457485229,-0.084421257614194264,0.020001315499320632,-0.092491912159202591
341,0.68869130267475864,0.75067688628369322,0.62779904200586079,-0.75564583137666319,0.037972549564083524,0.065081366681818936,0.0043997160445930633
342,0.50641400004687853,0.76069294547369259,0.86362499386737968,-0.11217819938303486,-0.052011193063240868,0.032407988998557929,0.046769080786270234
343,0.72519968972454985,0.97392277163155971,-0.2791641473026496,0.89882165331785924,0.099843859434351589,0.025867039024223215,-0.030172673715533893
344,1.4343151067834494,-0.52649934548043897,0.90375077867310072,-0.70903995395057651,0.023735343344018417,0.084456371193082663,0.09506705958508832
345,1.2047799565545025,0.53267359263124625,0.20547782988100449,0.085076412894736331,0.060162360884638971,0.059694801672712017,-0.056680274576542504
346,1.428115408938833,-0.66392357853747419,0.10953527543811381,-0.64505078299387852,-0.037912634463861887,-0.090813916367284253,-0.017117127886995889
347,1.205447689450367,-0.26932535481030895,-0.14172248711458968,-0.43488012493480577,0.0360752596804082,0.031357372602237532,0.068722098764016915
348,0.59088351262433314,0.89982801656382483,0.7282854778254102,0.91591919917059039,0.014843703724344001,-0.055807889208897947,-0.096266797829130335
349,1.4340173251826065,0.27603223877698402,-0.20862821492171202,0.54607669983876672,0.065974232834383056,-0.044889002544425252,-0.014906160091926551
350,0.64574210710260627,0.57715702459014739,-0.613238044085052,-0.89545914018137074,0.0057496662770416124,0.067775693417110067,-0.023755140135733349
351,1.072471748882414,0.87257399808991876,0.25678671147111642,-0.52369387153930091,0.055630139363894104,-0.065686725692039344,0.086544147311533287
352,1.0300609695634266,0.57203767326961108,-0.087611823480343354,-0.046334183050783295,-0.01427203588888834,0.082455141915799918,0.01666839314477031
353,1.1748885793569701,-0.41296300389989637,0.73516337670535781,-0.54497032396661016,-0.002395775320496063,-0.062039182274317574,-0.024861318983235375
354,1.3324313075982643,-0.56303327938376557,0.8704970028516843,0.48124924994247631,-0.06016944185599904,0.093649791611864125,0.058985263792285164
355,1.0706024096570739,-0.39407763245096628,0.066162923107259797,0.70052076826679288,0.06896814497097209,-0.088389351744646238,0.077733067080175328
356,0.86361796034494354,0.78170979659887196,-0.35897152147984768,0.5785977391663859,0.027103253439013875,-0.090193347049771735,0.093321762898730815
357,0.51469127100558432,0.49292423293449916,-0.25991921886815139,-0.60177717090562921,-0.058987665928212897,0.074174128613369333,-0.0017665307193033969
358,0.79503357840686906,-0.34099023822661878,-0.75809415224958632,0.35667300775693511,0.025145990485138825,-0.05862761013708593,-0.024826915391159624
359,1.1552132904723877,-0.50585935391323389,-0.70358687590740376,0.92860572620530513,0.083438583866767363,-0.054230508649128907,0.040281231428874908
360,1.4672867025403917,0.036197554912461349,0.96353951487399847,0.94628030801490959,0.037715679498795895,-0.043189152558519718,-0.020169208791817897
361,1.048432020669924,-0.63376825282592164,0.25392779800947474,0.38858464199327036,0.029609025726717947,0.081069630574253981,-0.030202465828247371
362,0.52931039010304826,-0.61555108110057821,-0.055018483994717648,-0.95141233198253206,0.011450035014577489,-0.064501212693406251,-0.049613898772046944
363,1.3164668152086709,0.18227698344825871,-0.10765885910091044,-0.40485727988015707,-0.081719684129613238,0.051848374948896103,-0.060163351512347821
364,1.1235165158573932,0.60120617502541318,0.10231336052755746,0.83407511433772541,0.0074656340097024321,-0.053742138508908147,0.067119893215912191
365,0.88876631268026973,-0.99128093579030252,0.31901729752456665,0.17552883938092023,0.082061622835023995,0.047689305723805919,-0.081732110862393875
366,0.68669200227914629,-0.4361340338802624,0.44914410052377418,0.85301977903394866,-0.03345899819472424,-0.012540263471263274,-0.05862521906053049
367,1.3559881956408497,-0.78800053004953186,0.62038930980323181,0.44636723049686444,-0.0052620442962284242,0.075031610747772398,0.013578723417201705
368,1.1605151926155037,0.86466776783348465,-0.83730270093462722,-0.82838027101620137,-0.091873489687871818,0.087726519457529323,0.093598012271680048
369,0.84003287780555536,-0.22352732086784233,0.58301319778477301,0.44189324922209972,0.031046846472364747,0.043802460841696589,0.020229026491715235
370,1.1125853361330504,-0.36060996625714403,-0.63764351549827225,0.23193991603246866,-0.096238206564832729,-0.026103772861756136,0.083676130977360291
371,1.1209614662996494,0.64989747492070427,0.18054318465467079,0.98102122446006024,-0.035375831237021552,-0.059758615431604906,0.050104882251384181
372,1.2715866566313418,0.69914470134040552,0.87171636233936312,-0.8372612728460318,0.094016563351343202,-0.063457524658768805,0.018781645917478967
373,1.378581732568076,0.20983428851763497,0.026930521523368833,0.91756363800265328,0.042444471259420913,0.084297001396722748,0.089333610911552092
374,0.85334746511812865,-0.62748380436897566,0.36967834318393722,0.38203540813301906,-0.011166049113505633,0.0057828658976180752,-0.03418080383302087
375,0.69234474816394687,-0.71110919420477559,-0.88713601483022209,0.67242924036347795,0.018826390444019306,0.013954914668620866,-0.01604842383631426
376,1.0486892385199691,0.12512109230429735,0.87998593711524697,-0.63132826342794202,-0.016574498813964972,-0.084974640649722336,-0.054514076806146464
377,1.4981470287242753,-0.40314080507831163,-0.68416928835758006,-0.62005163400962604,0.035941931859968246,0.032998229993607436,-0.016569927065976264
378,1.2604959354971332,0.54635353447452162,-0.80154942226207027,-0.45139349406584106,0.010326504996395619,-0.085986052516483044,0.098203649349032751
379,0.96496896220300099,0.64814023953314748,0.73300208659588528,-0.57885054069876163,-0.0038486034281810522,0.062650390179547794,-0.051632396359496971
380,1.1610542764606517,-0.18257302997630842,-0.32299588357696152,-0.71521201183758132,-0.040781778918095382,0.058371881760072436,0.059879738929231735
381,0.51138750508755138,0.78689638359607805,-0.35214808678948772,0.24007101415806886,0.09336005763436922,0.032673511060801796,0.085541253182638721
382,1.1345541678197315,-0.74861242900913827,0.034320690857336356,-0.72241276396829046,-0.0019648894663868155,0.041269199623197167,0.09773949499682566
383,0.99691725657503072,-0.81801739796427531,-0.8086888026084107,-0.70873294356524985,0.067756168233056385,0.095450510602001243,-0.017927862018374568
384,0.95424783810674552,-0.3153596844473201,-0.24541866747315133,0.89417552611613726,-0.080789841981244503,-0.059341951077841862,-0.027560193484067283
385,1.0179635825990063,-0.52526333066677822,-0.86530702048799557,-0.65202538694186107,0.072932492084618689,0.023676727303723347,0.070784813721903539
386,1.0562437799281157,-0.2092338880453779,0.26040535427780598,0.68125378390237512,-0.067596909896879748,-0.042405285678900631,0.014581877682954519
387,0.55433751552509347,-0.39576608231157828,-0.42471022310277773,0.0083671025410441136,-0.074165164414999943,0.070651475010231446,0.031385154104051793
388,0.93593962300922673,0.57000458239396257,-0.63250977804412289,0.61271744574218223,-0.069786573871610094,0.034043064567851833,-0.098061493649892362
389,0.69440434028534315,0.99130998864984221,0.90531460415979725,0.75591822798863539,-0.00038900485695822495,0.053825997647793,0.053316181455118572
390,1.4385600758368788,-0.60486623730814104,-0.6164604178308446,-0.92422472558342572,0.028062722983539096,0.023667332180549908,-0.091151156441126688
391,1.0582519743561467,0.74538841503314202,-0.22002492077803848,0.62399685883754374,0.028747550277402389,0.075562953887114398,0.086693557321999903
392,0.6212519012725205,-0.094793020620495216,0.9907593514526889,0.27457917891136963,-0.058544053557355369,-0.008721012544677248,-0.092807917733982698
393,1.2166207352204987,-0.071122992798170248,-0.29032528344503117,0.44382550176765312,-0.075661127328355712,-0.036392005113599732,-0.046684438521888909
394,1.0317996399351665,-0.84340874775812757,0.98309887782415584,-0.44678940297957626,-0.0038449686725358506,0.0014068590965115035,0.046526793590820154
395,0.51692384665703561,0.81077855607403349,-0.49502821139140263,0.61794388100422748,-0.042590117238966996,0.043342286897900623,0.023472702104351623
396,0.73957563841422491,0.51357206229130159,-0.52915626552070982,0.20939317416492531,-0.008494384818579559,0.047627285920001483,0.046700120832701753
397,1.007438559371707,-0.9342029663146485,0.60185334251456668,0.33145212681310454,0.0063183918744490475,-0.083429096015487189,0.094608792211325454
398,0.89796051622213025,0.56346943436504859,-0.1300909171679312,-0.53121687332233569,0.029502206432627603,0.095897794567584599,0.082914928570070379
399,0.91333359750034726,0.17154982866906998,0.82420687414030658,0.49620002841512711,-0.083241101690789673,0.011016794117618994,-0.072549437473473602
400,1.371794156341605,-0.5738968808670617,0.40527992143047453,-0.38625888238041739,-0.076085623666510602,0.069007483343910769,-0.0094844532520228092
401,1.2546314082354202,0.4431461572227775,-0.047168889472748443,-0.69170680366103943,0.021520139794658791,0.015440071639989367,0.077700840007079636
402,1.1890381464280497,0.85005105627712774,0.77710837034761737,0.22534214460782542,-0.019094141473170428,0.08182717658094249,0.058194646542656714
403,0.94487049029195713,0.59006099687292624,0.4891508947981773,-0.12959998763347569,-0.013740604065922674,0.090694846285561875,0.0033030239576454512
404,1.429634531438194,-0.084547114496854814,0.78806368978267072,-0.79600777895974217,0.078471366387910246,-0.04156129244397018,0.066461790577822977
405,1.0629646351490032,-0.98709637688770968,0.40702863288589097,-0.60862067679681364,-0.036661878674523238,-0.0051034842227232202,0.0455570734747896
406,0.64408589907997271,-0.63876882129521206,-0.81828573747173783,-0.84222365987673009,0.026323779770202005,0.071178696202106262,-0.024700564847576129
407,0.90531215277936838,-0.2560463390547536,-0.80873460786518314,0.54806814484131028,0.059802468323135488,0.058055697393370659,0.072868477399472387
408,1.2271498793674005,0.90784477767869598,0.51445055425822095,0.6766238472898527,0.0048562454793250887,0.066882796663648159,-0.025585555802244295
409,0.90489424104796568,-0.73271789839036616,0.62269434209046226,-0.1908923626718404,-0.03352541990657501,0.010312568398338634,0.059625091686798665
410,1.3763908356321597,0.88262080538971954,-0.34142388631794462,0.47114850543233922,0.00038845182004458578,-0.022992913312266272,-0.016018494852317405
411,0.67850043550376526,0.071453138557884488,-0.053686926159707271,0.15326495121729633,0.021234460479521419,0.090865230858699991,-0.09611706347398441
412,1.1098796865334621,0.12086248687413126,-0.2522169776611527,0.88961671095591277,-0.0066223396385528127,-0.01313159476038446,0.0015949911437922876
413,1.4021118691320273,0.74301536870833673,-0.47300461457575227,0.49131261726233633,0.0030480837417869722,-0.060092221992891395,-0.021527033862991235
414,1.0410712053031874,-0.022382410382650209,0.14114588514405679,-0.88485600143965204,0.0094492771427094058,0.0060809751067246731,0.00086033042680329352
415,0.73471808161902386,0.45543652447113447,0.2111951412500046,0.74276640242702685,-0.027673553502805828,0.027984246472275209,-0.070215140857895597
416,1.272040605254692,0.46627482846807822,-0.56669553582459575,-0.18856388810591862,-0.022017459071802609,-0.0070801937128925629,0.08957222085676439
417,0.58559654679490702,-0.70988802313349431,-0.4000034802422332,0.57923731467542927,0.0014073882707565932,0.086879348467177958,0.086779718552156215
418,1.2709464511354427,0.31312897474038071,-0.23249469602381523,-0.14131056220044691,-0.07897688645556622,-0.00034465567359573401,-0.012094189239630057
419,0.88560162443841395,-0.18385458208413441,-0.10858698067745931,-0.55751218817580028,-0.08363791736455102,-0.046551083387263659,0.038603132037361737
420,0.81406075902121855,0.34632134091407041,0.54558572978779329,-0.21394483184379354,-0.04349047701334377,-0.014348847749140289,-0.015645491273573772
421,1.0803274957209632,0.14604058705039646,-0.11214535549098814,-0.24180388774564832,-0.027409982117698226,-0.024101092065516361,-0.061827115301762041
422,0.56575477247310491,-0.45583161594798471,-0.36461360732288073,-0.12071004270323926,0.048507165245365247,-0.095843627268208151,0.063944364767718448
423,1.1111571169418679,-0.057643121331840463,-0.78986763045402753,0.032007243763135129,-0.059352281653674566,-0.038113662546998377,0.059620438566609951
424,1.3775061078651434,0.73048900732944699,-0.89784238625737522,0.87734697467035039,-0.074279573062716986,-0.062954307809770543,0.033262660449630416
425,1.2803856501372395,-0.76655745199175862,-0.43360419356348201,0.018405166545992779,0.071446509843391431,-0.04616056629622918,0.019838798018841322
426,0.61980398186384722,-0.57781645205762078,-0.35073512464052525,0.13524960221083204,0.046728440941765065,-0.00017433685903371632,0.027651547207551336
427,0.81708021833946531,0.59801269179796845,-0.39766245823416146,-0.53178231614662508,0.035689237564604209,-0.080045284324400973,-0.0030758895620832949
428,0.69509167797390747,-0.26091887665903446,0.33063070257977811,-0.035002911043762408,0.034936059121612739,-0.038312470425504189,0.028381690343430549
429,0.93516647960848553,-0.72990318653539865,-0.87334972056212301,-0.45562950246847067,-0.056194012702152851,-0.0059030319865072539,0.0017112532415789056
430,0.993670956537688,0.14073451885843857,-0.74837877247462603,0.64181534018343323,-0.012567898832499716,-0.042583167979572269,-0.052792393022004495
431,1.2868352057294929,-0.36482147369009899,0.51390666795999862,0.25305895816264345,0.0095318237314872267,0.020424696816935622,-0.013336309032200136
432,0.7292893726035391,0.19698776260371975,-0.059335027912089444,-0.90698467279310058,0.037681646747050462,0.078642895462039369,0.035180884250916755
433,0.55765305061519899,-0.037969062443923951,0.71035536874033278,0.75788593048124997,0.02049117649437833,0.064887874531783019,0.046344579247018208
434,1.1433247787972944,0.64991572835129552,0.59157732629630622,0.45503859851961748,0.075589379975254695,-0.064597690179407502,-0.015160497773780188
435,0.95381488422351413,0.39127512442855306,-0.45345166405543336,0.50066940292726403,0.024274465722803784,0.071472369376115674,0.04648097499203574
436,0.94389249343690373,-0.48458638012698763,-0.93660196166486775,-0.42246762123050785,0.035277399834283518,-0.090878205042914328,0.0012439598213122849
437,0.92002286109103659,0.25215694895830043,0.25064985577879506,0.75447496948916482,-0.06065433271815053,-0.087364277415970998,0.073777104105192698
438,1.3549522238274117,-0.657628048635718,0.81640153959830264,-0.49241942616850998,-0.06432404783311732,-0.068531673106822871,-0.027090891146260843
439,0.67787506592815694,-0.20055602504204884,-0.97973791174647151,-0.96023977111559544,-0.045395250260393753,0.022535640540156471,-0.0088819890203310214
440,1.1908636685599876,-0.27314541006040072,0.74143702500552267,0.61868901548920219,-0.014524875956309954,-0.094985930515192649,0.053298366332734215
441,1.2650820011757897,-0.029147371509690378,-0.6575677875143715,-0.041897176145919035,0.0094141959445838419,-0.092715486049758211,0.065694163500492092
442,1.1233723868772434,-0.48944247677907105,-0.78048716328570755,0.5656959324626325,-0.025788723940854227,-0.038558649009153338,0.09513501536236621
443,1.4223247889271746,0.86538301991563604,-0.41526327836994437,0.56205877312320007,0.0014761460139601501,-0.047107090846777756,0.0051690063644450335
444,1.4821189329917801,-0.083032407193391444,0.12306093964062881,0.36477327541465199,-0.072103749498917694,0.093484607462979902,0.037688958334185313
445,0.61584850881711239,-0.90694050319043051,0.26803330906146194,-0.15671900995952948,0.01875652876233172,0.090283138347449388,0.020925405202162767
446,0.5009398009599455,-0.14465398046454547,-0.69541949500575417,0.72264114225457665,0.099799238660813389,0.064931578743981838,-0.0061762171061945786
447,0.57991312137475037,0.11135095725628186,0.21031264916450043,0.61886912590871934,0.037641275600992674,-0.070024020502615567,0.038117508484219131
448,0.62175240549448507,0.7971791489257527,0.64834744582588,-0.43533827210119713,0.033528972372799837,0.04097736345092115,-0.063646210955641117
449,0.88089224539219357,0.96851703351620322,0.32997013431341338,0.59963294272568057,-0.026993283010085967,-0.059274080620914042,0.07751608686809211
450,0.93871464283120498,0.62421834702598589,-0.46301643572639328,0.57035261878608234,0.00078676012361363068,-0.062322551006354601,-0.067806228474063673
451,0.79553796101191443,-0.11840476614793016,-0.51417475001825852,-0.78667924721380666,-0.023698499958440672,-0.033001199072711998,0.072004166403933756
452,0.63299719074316563,-0.99955414168674839,0.59718018329904354,-0.6674507302915762,-0.073567941971942261,0.085437187872303422,-0.0060792244853070943
453,0.55233092412209739,0.60520784970284103,-0.029988009042030583,0.84721947995194857,0.018190565456314339,-0.071927272357796238,-0.025347434011304154
454,0.60872199579882191,0.7827548771691144,-0.9283168499345571,0.14524395841088844,0.035500830015507578,-0.033812434544725253,-0.0017878144275835506
455,1.1854247815451096,-0.10444379419788086,-0.772946689912825,0.46412742044647626,-0.090234045277787056,0.071173049322568793,0.020394401222564085
456,0.60157096978362368,0.3915839668237675,0.94554159113488345,-0.018138850488227831,-0.033533315958113624,0.044805727356398622,0.022934242607314609
457,1.3506314218744402,-0.41581872721671731,-0.43686284686069188,0.091691018835527327,0.087278215094601402,-0.059560502032939638,-0.0066209288619821782
458,1.0732670645930584,-0.39693507212843904,-0.14022033236023113,-0.61144604987904194,-0.01732133850707325,-0.058740767967578239,0.058710330064083244
459,1.1624595282044825,0.64393914787194051,0.90100213267867679,-0.054185873793821671,0.092966129751971577,0.051549769238240811,-0.076204565455103068
460,1.3352481187513383,0.83061151087121221,0.9215359937059564,-0.65772233894969911,0.015591198587144667,-0.047196198188236754,-0.011867826136174126
461,0.99619590325980767,0.2582770029335808,0.037993031775488628,-0.98909110924962973,-0.077746229577822359,-0.05004926404657959,0.032300705226372989
462,0.62324748966964649,0.089598111686507886,-0.24789721370015072,0.24100356120432664,0.061784025384335722,0.01291436039421226,0.055050232066901766
463,0.7160713287296594,0.86811650127832762,-0.99920788487112255,-0.58891516604217409,0.078821655469574287,-0.083532737689694339,0.079269311505742013
464,0.91859042165304527,0.68417510730342324,-0.66821362759839453,0.21741006160635101,0.097893377333499204,0.029341368678600405,0.036193808699063024
465,1.1527023982936306,0.27337551069019694,-0.135288650731201,0.68157096833515918,-0.03026641095224672,-0.068904683853330262,0.0058176621644872861
466,0.98369957088536986,0.64868316059641629,-0.59632330867957184,-0.36535435645943415,0.061596918942092155,-0.060260839416407364,-0.088927245211613132
467,1.2115548952888828,-0.55275160771339427,-0.79262971715413544,-0.023507389605183615,-0.052964946193755448,-0.03156608320963715,0.03470044546650547
468,1.4312846698727473,-0.55480776037684021,0.06209502131425082,0.28624027661759954,0.048827971377939705,-0.070961596404617883,-0.037320651547628897
469,1.3907904408856613,-0.44187370901634204,0.84372985447807602,0.32799562913332969,-0.065405577461168346,0.020381590450738285,0.060467723602871642
470,1.0858889009187442,-0.28996287764957795,-0.91730750465402489,0.8028241247160941,0.018331700951575283,-0.013565492006933549,0.041132495217898746
471,0.693405611526557,-0.74266929293043571,-0.84965477277986823,0.85693881164631636,0.082162622463842927,0.064627119401759275,0.032368479227675301
472,1.4786979135086136,-0.93777633700125462,-0.31331505664564085,0.68506865935340922,-0.0080993085594062431,0.030734794106027419,-0.097059932110179784
473,1.4274608488078933,-0.68584606741883158,-0.35975884621851062,0.86032675836835071,-0.036467874533016073,-0.089995031186397276,-0.098157325000845314
474,1.0331607640673752,-0.68612410096558851,-0.25289803839238489,-0.74503869100320341,0.057395098140043704,0.057207795711246512,0.059275920932315762
475,0.82580778410899547,0.9883806282547245,0.058859887883737638,-0.59811844364999911,-0.093423245857190307,0.076333103704053384,-0.042342578140130538
476,1.457502135263633,-0.55447003641535786,-0.29218434449656105,0.84314638847845447,-0.08368756050501272,-0.093604298518265086,-0.046143546963063137
477,1.3849945758910165,0.49907504178610917,0.57103751893823862,-0.19086625837497628,-0.016348045109515152,0.010202502781056236,-0.044065568799012717
478,0.50232607389788775,-0.14059331199728176,0.21360070420939636,-0.12436379428956701,-0.071718391914641244,0.017504951464775667,-0.029405594719087533
479,1.0959068495647659,-0.89036000095792756,0.86625010581762307,0.99149950803094833,-0.054839729148198041,0.019715152644755984,0.044902094420217059
480,0.52782461221443211,0.3293090516360575,-0.30453608691994094,-0.69925702457491479,-0.06431374918277627,0.074366273868754135,-0.013935959011387708
481,1.2370746803547648,0.66562854747051992,0.30746847055549509,0.059152166976077725,0.063077837654747476,-0.049107194338583085,-0.043783574532043804
482,0.55320469191346988,0.42125665108051713,-0.11381577549162802,-0.62846491855833819,0.044844731496093693,0.052913850987838795,-0.018419382687505287
483,1.2869493996562544,-0.36985228247911972,0.12550768244088806,0.37170522057555377,0.028322923312754378,0.038988476404002714,0.081222976891627108
484,1.1356503543202918,-0.42738839234913395,-0.64902351519571977,0.52589967745024646,0.062989237822418692,0.069871153042500994,0.04025008905718222
485,1.1678693737799644,-0.73527639339951989,-0.19009629918858573,0.68078627853093687,0.034905587002561023,0.0094615437770764477,0.0056680050287846867
486,0.61165976433198244,-0.73761001927438863,-0.22511697581449863,0.7736797526849537,0.061486527743902925,0.074911235309384039,-0.022108692104558833
487,1.2587961443473454,0.34135939508534308,-0.64258683016902984,0.24749037709700406,0.08976978671573993,-0.0029182044860015799,-0.073194077589405396
488,1.2643824360092908,0.25739977631638356,-0.80270007290586731,0.21607400305640434,-0.079990498980042679,0.071882706281020503,-0.043865402770356714
489,0.95110215103473572,0.61451836733853682,-0.32767613372050963,0.93929968364750982,-0.014289334635612411,0.02045104899884391,-0.030344868717545118
490,1.1320561631052466,0.51505084440044779,0.046020669418681992,0.4186565962420048,-0.043508828952224944,-0.036659596958691407,0.088370925549456636
491,0.90035527579493968,0.46307972283364918,0.65837580588402234,0.20095074594473772,0.067966133417661723,0.0047403907409388629,0.02593494095235907
492,1.3609667695417826,-0.40064883766699766,0.13539019889966886,0.4567062534319779,-0.095484646476616877,-0.015598097573874536,0.040494051314577451
493,1.005513051286705,-0.075654978403048023,-0.68903959522496372,-0.2118972704697093,0.040163744437506976,0.025515986254973838,-0.079059766592278258
494,0.55519746659169811,0.8999386177865778,0.85421648681483586,-0.055008208588068763,-0.039847965296564251,0.081211464066247546,0.093143440253205395
495,0.57876091497394055,0.11487279212074308,0.28320221202772444,-0.92171387274100947,-0.076211277230319133,0.092790535202464913,0.023231424813862353
496,1.4778868772655291,0.047743642737563707,-0.1832155755148428,-0.42507090780055501,-0.074878876798901511,0.022985911255678768,-0.0096031817651914819
497,1.1137889440903059,-0.78039178544402676,0.92391048324740788,-0.76211181021281638,-0.081811617228335964,0.032340470559119705,-0.0035518870830370253
498,0.66983181376497425,0.65404041233155219,0.81135652846948103,-0.16680067230546758,0.018760037779674277,-0.022480945887187964,0.069692796013954478
499,1.1274669473030281,0.18998075444048546,-0.27608777673249496,-0.56550057531118614,0.035141754825570304,-0.0039979417588554139,0.078629555230878972
500,0.59997939781083198,-0.77044672717245488,0.00058191673005136835,-0.3726185198119083,-0.067263846734784277,0.092108798663285585,-0.046905341019833617
501,0.65347070055718925,-0.60921055412943748,-0.52592903891279419,0.28662629105573489,0.042403655090236053,0.049634857560453105,0.049599316475752192
502,0.99545672897457271,-0.21723301662540662,0.81558889448276406,-0.29836290486117001,0.033979290017514679,-0.0026569300815411367,0.083535846152210963
503,0.86123539224050805,-0.63311798957251741,-0.034975840100447408,-0.52619863453041282,-0.061845708902610368,-0.069588423768180141,-0.057443775542989718
504,0.89037332746119824,0.036373705393293321,-0.031387246206046493,0.61896366535090452,0.033048078820916843,0.071784164482985496,0.0082249169907551434
505,1.1124537919840163,0.94454252453812071,0.9284567597200204,0.87057590219108616,0.035249324911157925,-0.0063560045914367869,-0.036638914742501166
506,0.50391390393762225,0.78705823454490642,0.027162814395167434,0.26912228683498118,-0.041521158138184112,-0.033864962710488875,-0.053963708820737803
507,0.8761084886279884,0.36081590076961678,0.48317439322596489,0.94521456838779905,-0.037083875656945736,0.025959878136817049,-0.057682882892145494
508,0.63961472704807787,0.90000644314594669,0.23975255244122984,0.89737419061257584,0.098759269560392882,-0.06017348721219358,0.026986511517034684
509,0.59508463414204493,0.32136355483172951,0.53267960778444068,0.24466820242434473,0.064735805300930566,-0.063606326592120233,-0.0086233563214105635
510,0.88715131445085793,-0.2393474799199522,-0.38078597102404554,0.52383031201246166,-0.02355836301197041,-0.03673827265580612,-0.0099253274314833606
511,0.76571166936335733,0.092307556043994765,-0.89739373336818473,0.49620329482216174,0.0069005724379558597,-0.093218212743002682,-0.066883269746611379
