step,time,id,x,y,z,vx,vy,vz
0,0,0,-0.36076635122299194,0.43785512447357178,0.83368068933486938,-0.02794952318072319,-0.099466726183891296,-0.038059793412685394
0,0,1,-0.79740148782730103,-0.45162326097488403,-0.87888580560684204,0.077317908406257629,-0.034368753433227539,0.053357634693384171
0,0,2,0.54351037740707397,0.39090198278427124,-0.92043942213058472,0.040943451225757599,-0.0017589336493983865,-0.043921463191509247
0,0,3,0.067457385361194611,0.17236843705177307,-0.92139077186584473,-0.064281411468982697,-0.029647901654243469,0.085529595613479614
0,0,4,0.86561566591262817,-0.091753393411636353,0.77891373634338379,0.023542752489447594,-0.0098445713520050049,0.027228236198425293
0,0,5,0.72953343391418457,0.28960764408111572,-0.061542592942714691,0.097456075251102448,-0.094955615699291229,0.069807663559913635
0,0,6,-0.83719050884246826,-0.92756509780883789,0.37550553679466248,0.024512104690074921,-0.025566233322024345,-0.044428862631320953
0,0,7,0.54733401536941528,-0.80541902780532837,-0.010760385543107986,-0.011854810640215874,0.0060228239744901657,-0.062324266880750656
0,0,8,0.18573831021785736,-0.93318772315979004,-0.2927168607711792,0.078739702701568604,-0.092525973916053772,0.083403214812278748
0,0,9,-0.33954966068267822,0.3744397759437561,0.81645965576171875,-0.046844098716974258,0.041264194995164871,0.043645426630973816
0,0,10,0.14832489192485809,-0.74728751182556152,0.91819614171981812,0.051284827291965485,0.0076855644583702087,0.035467810928821564
0,0,11,-0.46092993021011353,-0.68719643354415894,0.4873027503490448,0.01979425922036171,-0.0048260935582220554,0.064551696181297302
0,0,12,-0.39894789457321167,-0.46057283878326416,0.46546545624732971,0.067616172134876251,0.060679078102111816,0.042176473885774612
0,0,13,0.71450126171112061,0.22629521787166595,0.49041840434074402,-0.053539078682661057,-0.072538748383522034,-0.066526308655738831
0,0,14,-0.10065390169620514,0.16708225011825562,0.91628402471542358,-0.00016616722859907895,-0.054100651293992996,-0.051099497824907303
0,0,15,0.61294615268707275,0.32898414134979248,0.95827209949493408,0.094623468816280365,0.030694460496306419,-0.013816648162901402
0,0,16,-0.76874607801437378,-0.99673622846603394,-0.20856371521949768,0.044946011155843735,-0.011024796403944492,0.037193913012742996
