n,precision,mode,backend,block_size,median_ms,min_ms,max_ms,interactions_per_second,max_acceleration_error,cpu_over_backend,basic_over_tiled
128,float,force,cpu,128,0.089879,0.087732,0.095042,180865385.685199,5.242715473225714e-05,1.0,
128,float,force,cuda-basic,64,0.037561601400375365,0.03749440014362335,0.03758080005645752,432782399.9494747,5.199766602726724e-05,2.392842601197025,
128,float,force,cuda-basic,128,0.028841599822044373,0.0288239985704422,0.02887679934501648,563630315.2495419,5.199766602726724e-05,3.1162973120271635,
128,float,force,cuda-basic,256,0.023449599742889404,0.023366400599479677,0.02354239970445633,693231448.648896,5.199766602726724e-05,3.83285859824767,
128,float,force,cuda-tiled,64,0.01955839991569519,0.01955839991569519,0.01958719938993454,831151836.0433419,5.199766602726724e-05,4.595416822818622,1.9204843730714902
128,float,force,cuda-tiled,128,0.019435200095176696,0.019395199418067933,0.019519999623298645,836420511.2575254,5.199766602726724e-05,4.624547190656688,1.483987799497989
128,float,force,cuda-tiled,256,0.01958879977464676,0.01956319957971573,0.01964640021324158,829861971.4843218,5.199766602726724e-05,4.5882851953149215,1.1970922166063267
128,float,step,cpu,128,0.094639,0.0902352,0.10172859999999999,,5.242715473225714e-05,1.0,
128,float,step,cuda-basic,64,0.027513599395751952,0.02744320034980774,0.02754560112953186,,5.199766602726724e-05,3.439717160911054,
128,float,step,cuda-basic,128,0.026958400011062623,0.026931199431419372,0.029183998703956604,,5.199766602726724e-05,3.5105570049099364,
128,float,step,cuda-basic,256,0.02688960134983063,0.026881599426269533,0.026903998851776124,,5.199766602726724e-05,3.519538976006281,
128,float,step,cuda-tiled,64,0.023548799753189086,0.023481599986553192,0.023576000332832338,,5.199766602726724e-05,4.018846013040794,1.1683652536060116
128,float,step,cuda-tiled,128,0.02350880056619644,0.023395200073719025,0.0235167995095253,,5.199766602726724e-05,4.025683902226915,1.1467365140621593
128,float,step,cuda-tiled,256,0.023443199694156647,0.023366400599479677,0.02351839989423752,,5.199766602726724e-05,4.036948933365496,1.147010719553484
128,float,end-to-end,cpu,128,0.09037445,0.08317295,0.09905549999999999,,5.242715473225714e-05,1.0,
128,float,end-to-end,cuda-basic,128,0.0331878,0.0328996,0.0335338,,5.199766602726724e-05,2.7231226535052033,
128,float,end-to-end,cuda-tiled,128,0.0293055,0.029242249999999997,0.029457,,5.199766602726724e-05,3.0838733343570315,1.132476838818652
512,float,force,cpu,128,1.7474756,1.4012486000000002,2.0657544000000003,149719973.20019805,0.0010060291046930904,1.0,
512,float,force,cuda-basic,64,0.08110880255699157,0.08107519745826722,0.0811456024646759,3225691808.434266,0.0008727598360983878,21.544832927007228,
512,float,force,cuda-basic,128,0.08067839741706848,0.08058879971504211,0.08069120049476623,3242900310.0729494,0.0008727598360983878,21.659770842576265,
512,float,force,cuda-basic,256,0.08243200182914734,0.08233600258827209,0.08244479894638061,3173912973.049854,0.0008727598360983878,21.198995065313404,
512,float,force,cuda-tiled,64,0.07260159850120544,0.0725920021533966,0.07301759719848633,3603667211.2068715,0.0008727598360983878,24.069381887934405,1.1171765392416928
512,float,force,cuda-tiled,128,0.07268959879875184,0.07260159850120544,0.07274559736251832,3599304499.180872,0.0008727598360983878,24.04024274281737,1.1099029125258264
512,float,force,cuda-tiled,256,0.0756335973739624,0.07558879852294922,0.07567359805107117,3459203437.149604,0.0008727598360983878,23.104488754644184,1.0898860386287186
512,float,step,cpu,128,1.3382832,1.2495174,1.5388936,,0.0010060291046930904,1.0,
512,float,step,cuda-basic,64,0.08501440286636353,0.08492640256881714,0.08529919981956482,,0.0008727598360983878,15.741840851410602,
512,float,step,cuda-basic,128,0.08463839888572693,0.08458240032196045,0.08464959859848023,,0.0008727598360983878,15.811773587622563,
512,float,step,cuda-basic,256,0.08715680241584778,0.08663039803504943,0.0872223973274231,,0.0008727598360983878,15.354890988481916,
512,float,step,cuda-tiled,64,0.07597439885139465,0.0759168028831482,0.07599200010299682,,0.0008727598360983878,17.614923187713163,1.1189875030489027
512,float,step,cuda-tiled,128,0.07608320116996765,0.07601600289344787,0.07705439925193787,,0.0008727598360983878,17.58973307406341,1.112445291262748
512,float,step,cuda-tiled,256,0.08043040037155151,0.08037440180778503,0.08128960132598877,,0.0008727598360983878,16.63902198444551,1.083630095252832
512,float,end-to-end,cpu,128,2.17830015,2.1249618000000003,2.4386906,,0.0010060291046930904,1.0,
512,float,end-to-end,cuda-basic,128,0.09565485,0.09555135000000001,0.09593789999999999,,0.0008727598360983878,22.77250081935208,
512,float,end-to-end,cuda-tiled,128,0.0872976,0.08711529999999999,0.0873387,,0.0008727598360983878,24.952577734095783,1.0957328723813713
1003,float,force,cpu,128,8.26485,7.7670968,8.6711382,121600029.03863956,0.002181953558307926,1.0,
1003,float,force,cuda-basic,64,0.18405280113220215,0.1839087963104248,0.18431999683380126,5460422193.075564,0.0021594666833028974,44.90477704853561,
1003,float,force,cuda-basic,128,0.18328959941864015,0.18322880268096925,0.18331199884414673,5483158909.112619,0.0021594666833028974,45.09175657655719,
1003,float,force,cuda-basic,256,0.18530399799346925,0.18526400327682496,0.1854464054107666,5423552707.348601,0.0021594666833028974,44.60157411331881,
1003,float,force,cuda-tiled,64,0.1394528031349182,0.13935680389404298,0.13948639631271362,7206782347.915043,0.0021594666833028974,59.2662880501864,1.3198214520946863
1003,float,force,cuda-tiled,128,0.1405951976776123,0.14052480459213257,0.14060800075531005,7148224239.525589,0.0021594666833028974,58.78472477382528,1.3036689904510608
1003,float,force,cuda-tiled,256,0.1462272047996521,0.14617600440979003,0.14632960557937622,6872907140.480272,0.0021594666833028974,56.52060443420076,1.2672334005656254
1003,float,step,cpu,128,5.2340582,5.1213726,5.2763371999999995,,0.002181953558307926,1.0,
1003,float,step,cuda-basic,64,0.1873568058013916,0.18728959560394287,0.1879040002822876,,0.0021594666833028974,27.936312095053466,
1003,float,step,cuda-basic,128,0.1880496025085449,0.1872671961784363,0.18821120262145996,,0.0021594666833028974,27.83339145724685,
1003,float,step,cuda-basic,256,0.18898240327835084,0.18895039558410645,0.18933759927749633,,0.0021594666833028974,27.6960082484018,
1003,float,step,cuda-tiled,64,0.14315999746322633,0.1431040048599243,0.14325759410858155,,0.0021594666833028974,36.56089894346693,1.3087231707273406
1003,float,step,cuda-tiled,128,0.14367200136184693,0.14364160299301149,0.143721604347229,,0.0021594666833028974,36.43060687111678,1.3088813458854116
1003,float,step,cuda-tiled,256,0.1516543984413147,0.15158079862594603,0.15196160078048707,,0.0021594666833028974,34.51306558724974,1.2461386232162652
1003,float,end-to-end,cpu,128,5.667154699999999,5.3073105,5.787713,,0.002181953558307926,1.0,
1003,float,end-to-end,cuda-basic,128,0.20338885,0.20284844999999999,0.2049436,,0.0021594666833028974,27.863644934321616,
1003,float,end-to-end,cuda-tiled,128,0.15909104999999998,0.15781495,0.161514,,0.0021594666833028974,35.622083706154434,1.2784430676647116
1024,float,force,cpu,128,5.7127766,5.6544186000000005,5.7385962,183370027.10730892,0.0023906050317157525,1.0,
1024,float,force,cuda-basic,64,0.1558735966682434,0.15585440397262573,0.156550395488739,6720522412.975288,0.0023214332718612444,36.65005954894913,
1024,float,force,cuda-basic,128,0.15815680027008056,0.1581120014190674,0.15820800065994262,6623502740.388783,0.0023214332718612444,36.12096723153496,
1024,float,force,cuda-basic,256,0.16439679861068726,0.16437439918518065,0.16446880102157593,6372094887.8131,0.0023214332718612444,34.749926082980416,
1024,float,force,cuda-tiled,64,0.14264320135116576,0.14202879667282103,0.14324320554733277,7343862098.419167,0.0023214332718612444,40.04941382334807,1.0927516712451402
1024,float,force,cuda-tiled,128,0.1423359990119934,0.14226720333099366,0.14234880208969117,7359712281.3023,0.0023214332718612444,40.135852065917874,1.1111510887470855
1024,float,force,cuda-tiled,256,0.15028159618377684,0.15022079944610595,0.1504032015800476,6970594048.78137,0.0023214332718612444,38.013813700873534,1.093925023325206
1024,float,step,cpu,128,5.0838512,4.9697938,5.8630064,,0.0023906050317157525,1.0,
1024,float,step,cuda-basic,64,0.16026240587234497,0.16015360355377198,0.16046080589294434,,0.0023214332718612444,31.72204468245334,
1024,float,step,cuda-basic,128,0.16221920251846314,0.16219840049743653,0.16230399608612062,,0.0023214332718612444,31.33939213775494,
1024,float,step,cuda-basic,256,0.16824480295181274,0.16817439794540406,0.1683616042137146,,0.0023214332718612444,30.216988048397987,
1024,float,step,cuda-tiled,64,0.1470047950744629,0.146943998336792,0.14714720249176025,,0.0023214332718612444,34.582893690133425,1.0901848867662218
1024,float,step,cuda-tiled,128,0.1464319944381714,0.14637919664382934,0.14652160406112671,,0.0023214332718612444,34.71817221028548,1.1078125592761603
1024,float,step,cuda-tiled,256,0.15315680503845214,0.1530992031097412,0.15327999591827393,,0.0023214332718612444,33.19376634112751,1.0985134020624976
1024,float,end-to-end,cpu,128,5.7503757,5.64917215,5.9642743000000005,,0.0023906050317157525,1.0,
1024,float,end-to-end,cuda-basic,128,0.17625705,0.1759895,0.1767368,,0.0023214332718612444,32.62494010877863,
1024,float,end-to-end,cuda-tiled,128,0.16023845,0.159476,0.16089055000000002,,0.0023214332718612444,35.88636622483555,1.0999672675316068
2048,float,force,cpu,128,21.8456954,21.2192408,22.1386808,191903069.37997496,0.0033816723316598754,1.0,
2048,float,force,cuda-basic,64,0.44194879531860354,0.44187040328979493,0.4424784183502197,9485840994.266718,0.0032899654347705747,49.43037662146201,
2048,float,force,cuda-basic,128,0.44092960357666017,0.44083199501037595,0.44152321815490725,9507767149.209188,0.0032899654347705747,49.54463302712198,
2048,float,force,cuda-basic,256,0.4406288146972656,0.43716959953308104,0.4577280044555664,9514257488.76703,0.0032899654347705747,49.5784539533782,
2048,float,force,cuda-tiled,64,0.37367680072784426,0.3734512090682983,0.3737600088119507,11218935700.14077,0.0032899654347705747,58.46147086853975,1.1827033266656632
2048,float,force,cuda-tiled,128,0.3653631925582886,0.36525440216064453,0.3662944078445435,11474215480.343395,0.0032899654347705747,59.79172463168913,1.206825461780242
2048,float,force,cuda-tiled,256,0.3780191898345947,0.3777935981750488,0.37826559543609617,11090061332.162409,0.0032899654347705747,57.789911167099106,1.165625519937404
2048,float,step,cpu,128,33.302011,22.9288994,33.822188999999995,,0.0033816723316598754,1.0,
2048,float,step,cuda-basic,64,0.4038656234741211,0.40383200645446776,0.4039328098297119,,0.0032899654347705747,82.45814712708255,
2048,float,step,cuda-basic,128,0.4048912048339844,0.40458240509033205,0.40797600746154783,,0.0032899654347705747,82.249282282273,
2048,float,step,cuda-basic,256,0.36249599456787107,0.36239840984344485,0.36458721160888674,,0.0032899654347705747,91.86863165122443,
2048,float,step,cuda-tiled,64,0.30894079208374026,0.3088608026504517,0.30903360843658445,,0.0032899654347705747,107.7941529682273,1.3072589759032238
2048,float,step,cuda-tiled,128,0.30698559284210203,0.3068928003311157,0.30699520111083983,,0.0032899654347705747,108.48069673787226,1.3189257550670792
2048,float,step,cuda-tiled,256,0.30300159454345704,0.30298240184783937,0.30301120281219485,,0.0032899654347705747,109.90704867470183,1.196350121899709
2048,float,end-to-end,cpu,128,22.332982,22.18958815,23.003339349999997,,0.0033816723316598754,1.0,
2048,float,end-to-end,cuda-basic,128,0.59653315,0.5950339,0.59838715,,0.0032899654347705747,37.437956297986126,
2048,float,end-to-end,cuda-tiled,128,0.43332930000000003,0.4329782,0.43345255,,0.0032899654347705747,51.5381304702913,1.376627774766211
4096,float,force,cpu,128,88.53780359999999,84.2174572,92.1824386,189445856.0975642,0.01048945154236051,1.0,
4096,float,force,cuda-basic,64,1.0456064224243165,1.045423984527588,1.0898943901062013,16041523502.80163,0.01048945154236051,84.67603268418961,
4096,float,force,cuda-basic,128,0.6651423931121826,0.6651360034942627,0.6653215885162354,25217337180.267582,0.01048945154236051,133.11105188429516,
4096,float,force,cuda-basic,256,0.6920048236846924,0.6916192054748536,0.6923359870910645,24238443759.233917,0.01048945154236051,127.94391103889426,
4096,float,force,cuda-tiled,64,0.6038544178009033,0.6035600185394288,0.6040207862854003,27776761261.569942,0.01048945154236051,146.62110765444754,1.7315538176108254
4096,float,force,cuda-tiled,128,0.6094367980957032,0.6093616008758544,0.6099135875701904,27522328898.43653,0.01048945154236051,145.27807293004386,1.0914050401789681
4096,float,force,cuda-tiled,256,0.7919616222381591,0.6962175846099854,0.7923711776733399,21179208094.197247,0.01048945154236051,111.79557331298922,0.8737858050861362
4096,float,step,cpu,128,88.2063942,86.3963794,92.380347,,0.01048945154236051,1.0,
4096,float,step,cuda-basic,64,0.960257625579834,0.9085887908935547,0.9604096412658691,,0.01048945154236051,91.85700987975825,
4096,float,step,cuda-basic,128,0.7394303798675537,0.7393328189849854,0.7400623798370362,,0.01048945154236051,119.28965403855801,
4096,float,step,cuda-basic,256,0.7597807884216309,0.7595407962799072,0.7599487781524659,,0.01048945154236051,116.09453087546478,
4096,float,step,cuda-tiled,64,0.627126407623291,0.6270976066589355,0.6279024124145508,,0.01048945154236051,140.6516981708491,1.5312026633020561
4096,float,step,cuda-tiled,128,0.5684224128723144,0.5683199882507324,0.5686223983764649,,0.01048945154236051,155.17754437985883,1.300846629412646
4096,float,step,cuda-tiled,256,0.5948416233062744,0.5947679996490478,0.5950463771820068,,0.01048945154236051,148.28551120839091,1.2772824877293967
4096,float,end-to-end,cpu,128,91.59668785,91.00983575000001,118.7752065,,0.01048945154236051,1.0,
4096,float,end-to-end,cuda-basic,128,1.0555465,0.9365964,1.05915855,,0.01048945154236051,86.77655399359479,
4096,float,end-to-end,cuda-tiled,128,0.77144165,0.77122125,0.77256485,,0.01048945154236051,118.7344342245457,1.3682778211417546
512,double,force,cpu,128,1.3817705999999998,1.3388962,1.4848877999999999,189345467.33010533,0.0,1.0,
512,double,force,cuda-basic,128,0.7156352043151856,0.7155471801757812,0.7158944129943847,365594088.19241095,7.044055639308753e-13,1.930830948041832,
512,double,force,cuda-tiled,128,0.6410223960876464,0.6409584045410156,0.6411375999450684,408147986.08725566,7.044055639308753e-13,2.1555730477333768,1.1163965700464191
512,double,step,cpu,128,1.4909972,1.4589358000000001,1.5398494,,0.0,1.0,
512,double,step,cuda-basic,128,0.6930768013000488,0.6930463790893555,0.6931104183197021,,7.044055639308753e-13,2.1512726976335674,
512,double,step,cuda-tiled,128,0.6338560104370117,0.6337456226348877,0.6338912010192871,,7.044055639308753e-13,2.352264828998045,1.0934294065022865
512,double,end-to-end,cpu,128,1.54889265,1.5275690000000002,1.5602242,,0.0,1.0,
512,double,end-to-end,cuda-basic,128,0.7130302000000001,0.7128994,0.71339885,,7.044055639308753e-13,2.1722679488189978,
512,double,end-to-end,cuda-tiled,128,0.66546695,0.66516015,0.66590915,,7.044055639308753e-13,2.3275275353644536,1.0714734969182167
2048,double,force,cpu,128,23.634701200000002,21.855639,24.986988,177377152.54043487,0.0,1.0,
2048,double,force,cuda-basic,128,2.573628807067871,2.573297691345215,2.5739391326904295,1628927990.1153371,6.893729417768764e-13,9.183414925685014,
2048,double,force,cuda-tiled,128,2.486886405944824,2.4867855072021485,2.486984062194824,1685744869.560002,6.893729417768764e-13,9.503731711871515,1.0348799208985549
2048,double,step,cpu,128,38.1303014,37.2322536,41.8666932,,0.0,1.0,
2048,double,step,cuda-basic,128,2.578432083129883,2.5782304763793946,2.5800783157348635,,6.893729417768764e-13,14.78817365385663,
2048,double,step,cuda-tiled,128,2.492238426208496,2.4917375564575197,2.492406463623047,,6.893729417768764e-13,15.299620212504536,1.034584835870826
2048,double,end-to-end,cpu,128,25.2916205,23.8686871,25.9339858,,0.0,1.0,
2048,double,end-to-end,cuda-basic,128,3.3956817,2.7425656,3.5572079000000003,,6.893729417768764e-13,7.448171747075117,
2048,double,end-to-end,cuda-tiled,128,2.62799565,2.6264277,2.6306218,,6.893729417768764e-13,9.62392022985274,1.2921184629814741
